Common Name,Botanical Name,Plant Type,Mature Size (H x W),Sun Requirements,Water Needs,Soil Preferences,Bloom Time & Color,Fall Color,Wildlife Value,Special Features,Landscape Use,Maintenance Level,SC Native,Guide Category,Photo URL
White Oak,Quercus alba,Shade Tree,50-100' x 50-100',Full Sun to Part Shade,Moderate,"Moist, acidic, well-drained",Spring catkins,Wine-red to purplish,Very High - acorns for wildlife,"Native, long-lived","Specimen tree, large shade, naturalized areas",Low,Yes,1. Shade Trees,https://upload.wikimedia.org/wikipedia/commons/thumb/e/e6/Keeler_Oak_Tree_-_distance_photo%2C_May_2013.jpg/960px-Keeler_Oak_Tree_-_distance_photo%2C_May_2013.jpg
Willow Oak,Quercus phellos,Shade Tree,60-75' x 40-60',Full Sun,Moderate,"Moist, acidic",Spring catkins,Yellow-brown,"High - acorns, birds","Native, fast-growing","Street tree, buffer strips, fast canopy",Low,Yes,1. Shade Trees,https://upload.wikimedia.org/wikipedia/commons/thumb/4/4e/Tree_in_Mississippi.jpg/960px-Tree_in_Mississippi.jpg
Pin Oak,Quercus palustris,Shade Tree,60-70' x 25-40',Full Sun to Part Shade,Moderate,"Acidic, well-drained (chlorosis in high pH)",Spring catkins,Bronze to red,High - acorns,Pyramidal form,"Streets, lawns with acidic soils",Low,No,1. Shade Trees,https://upload.wikimedia.org/wikipedia/commons/1/15/Pin_oak_quercus_palustris.jpg
Water Oak,Quercus nigra,Shade Tree,50-60' x 50-60',Full Sun to Part Shade,Moderate,"Adaptable, tolerates wet",Spring catkins,Yellow,High - acorns,"Native, fast shade","Large properties, quick shade",Low,Yes,1. Shade Trees,https://upload.wikimedia.org/wikipedia/commons/thumb/4/4b/Quercus_nigra_USDA.jpg/960px-Quercus_nigra_USDA.jpg
Southern Red Oak,Quercus falcata,Shade Tree,60-80' x 50-70',Full Sun,Low to Moderate,"Adaptable, well-drained",Spring catkins,Reddish-brown,High - acorns,"Native, tough","Naturalized edges, shade",Low,Yes,1. Shade Trees,https://upload.wikimedia.org/wikipedia/commons/thumb/9/93/Quercus_falcata_leaf_bark.jpg/960px-Quercus_falcata_leaf_bark.jpg
Red Maple,Acer rubrum,Shade Tree,40-60' x 25-35',Full Sun to Part Shade,Moderate,"Moist, slightly acidic, tolerates wet","Jan-Mar, showy red flowers",Red/orange/yellow,"Medium - samaras, early pollinators","Native, early bloomer","Shade, lawns, streets",Low,Yes,1. Shade Trees,https://upload.wikimedia.org/wikipedia/commons/thumb/3/36/Acer_rubrum_15-p.bot-a.rubrum-114.jpg/960px-Acer_rubrum_15-p.bot-a.rubrum-114.jpg
Freeman Maple,Acer x freemanii,Shade Tree,40-50' x 30-40',Full Sun,Moderate,Adaptable,Late winter-spring,Orange-red,Medium,"Fast growth, reliable fall color","Shade, fall color specimen",Low,No,1. Shade Trees,https://upload.wikimedia.org/wikipedia/commons/thumb/d/dd/Red_and_green_Maple_Tree_%283972416112%29.jpg/960px-Red_and_green_Maple_Tree_%283972416112%29.jpg
Southern Sugar Maple,Acer barbatum,Shade Tree,30-60' x 30-50',Full Sun to Part Shade,Moderate,"Well-drained, slightly acidic",Spring,Yellow/orange/red,Medium,"Native, sugar maple substitute for South","Shade, fall color",Low,Yes,1. Shade Trees,https://upload.wikimedia.org/wikipedia/commons/thumb/2/2d/Acer_barbatum_9zz.jpg/960px-Acer_barbatum_9zz.jpg
American Elm (DED-resistant),Ulmus americana,Shade Tree,60-80' x 40-70',Full Sun to Part Shade,Moderate,Adaptable wet/dry,Early spring,Yellow,Medium,"Classic arching form, disease-resistant cultivars","Street tree, shade",Medium,Yes,1. Shade Trees,https://upload.wikimedia.org/wikipedia/commons/thumb/8/86/American_Elm_Tree%2C_Old_South_Street%2C_Northampton%2C_MA_-_October_2019.jpg/960px-American_Elm_Tree%2C_Old_South_Street%2C_Northampton%2C_MA_-_October_2019.jpg
Lacebark Elm,Ulmus parvifolia,Shade Tree,30-50' x 35-50',Full Sun,Low to Moderate,"Heat/drought tolerant, well-drained",Late summer/fall,Yellow to reddish-purple,Medium,"Exfoliating bark, urban tough","Urban shade, specimen",Low,No,1. Shade Trees,https://upload.wikimedia.org/wikipedia/commons/thumb/4/44/RN_Ulmus_parvifolia_%28Hilversum%29.JPG/960px-RN_Ulmus_parvifolia_%28Hilversum%29.JPG
American Sycamore,Platanus occidentalis,Shade Tree,75-100' x 75-100',Full Sun to Part Shade,Moderate,"Deep, moist soils",Spring (not showy),Yellow-brown,Medium,"Native, massive canopy","Parks, stream corridors",Low,Yes,1. Shade Trees,https://upload.wikimedia.org/wikipedia/commons/thumb/c/c7/Buttonball_Sycamore_in_Sunderland%2C_MA_%28March_2019%29.jpg/960px-Buttonball_Sycamore_in_Sunderland%2C_MA_%28March_2019%29.jpg
London Planetree,Platanus x hispanica,Shade Tree,70-100' x 65-80',Full Sun to Part Shade,Moderate,Urban soil tolerant,Spring,Yellow-brown,Medium,"Urban tough, exfoliating bark","Urban canopy, streets",Low,No,1. Shade Trees,https://upload.wikimedia.org/wikipedia/commons/thumb/1/13/Platanus_orientalis_fruits%2C_Thasos.jpg/960px-Platanus_orientalis_fruits%2C_Thasos.jpg
River Birch,Betula nigra,Shade Tree,30-60' x 20-50',Full Sun to Part Shade,Moderate,"Acidic, moist, tolerates wet",Spring catkins,Pale yellow,"Medium - seeds, cover","Native, exfoliating bark","Multi-trunk specimen, wet areas, pond edges",Low,Yes,1. Shade Trees,https://upload.wikimedia.org/wikipedia/commons/thumb/3/38/RiverBirchBark01.JPG/960px-RiverBirchBark01.JPG
Sweetgum,Liquidambar styraciflua,Shade Tree,60-75' x 30-40',Full Sun,Moderate,"Deep, moist soils",Spring,Yellow-red-purple,Medium - seeds for birds,"Native, excellent fall color (spiky fruit can be messy)",Fall color specimen,Low,Yes,1. Shade Trees,https://upload.wikimedia.org/wikipedia/commons/thumb/6/6a/2014-11-02_13_06_29_Sweet_Gum_during_autumn_along_Lower_Ferry_Road_in_Ewing%2C_New_Jersey.JPG/960px-2014-11-02_13_06_29_Sweet_Gum_during_autumn_along_Lower_Ferry_Road_in_Ewing%2C_New_Jersey.JPG
Tulip Poplar,Liriodendron tulipifera,Shade Tree,70-100' x 30-50',Full Sun,Moderate,"Deep, moist, well-drained","Late spring, tulip-shaped",Yellow,"Medium-High - nectar, seeds","Native, fast tall shade, state tree of TN","Tall shade, away from foundations",Low,Yes,1. Shade Trees,https://upload.wikimedia.org/wikipedia/commons/thumb/3/37/Liriodendron_tulipifera_%28arbre%29_-_Laeken.JPG/960px-Liriodendron_tulipifera_%28arbre%29_-_Laeken.JPG
Bald Cypress,Taxodium distichum,Shade Tree,50-70' x 20-30',Full Sun,Moderate to High,"Thrives wet, tolerates urban",Spring (inconspicuous),Copper/russet,"Medium - cover, cones","Native, deciduous conifer, drought tolerant once established","Wet sites, specimen, stormwater",Low,Yes,1. Shade Trees,https://upload.wikimedia.org/wikipedia/commons/thumb/4/46/Taxodium_distichum_NRCSMS01010.jpg/960px-Taxodium_distichum_NRCSMS01010.jpg
Ginkgo (male cultivars),Ginkgo biloba,Shade Tree,50-80' x 30-40',Full Sun to Part Shade,Low,"Well-drained, drought tolerant",Mar-Apr (male cones),Brilliant gold,Low-Medium,"Ancient species, plant males only","Street tree, specimen, fall color",Low,No,1. Shade Trees,https://upload.wikimedia.org/wikipedia/commons/thumb/e/e0/GINKGOBAUM-2.jpg/960px-GINKGOBAUM-2.jpg
Black Oak,Quercus velutina,Shade Tree,50-80' x 50-70',Full Sun,Low to Moderate,Well-drained,Spring catkins,Red-brown,High - acorns,"Native, wildlife value","Woodland edge, large shade",Low,Yes,1. Shade Trees,https://upload.wikimedia.org/wikipedia/commons/thumb/e/e1/Quercus_velutina_001.jpg/960px-Quercus_velutina_001.jpg
Flowering Dogwood,Cornus florida,Ornamental/Flowering Tree,15-40' x 15-40',Part Shade (best),Moderate,"Moist, well-drained, acidic, organic",Apr-May; white/pink bracts,Red to purple-red,High - red fruit for birds,"Native, iconic understory tree","Understory specimen, woodland edge, naturalized groups",Medium,Yes,2. Ornamental/Flowering Trees,https://upload.wikimedia.org/wikipedia/commons/thumb/b/b3/Cornus_florida_Arkansas.jpg/960px-Cornus_florida_Arkansas.jpg
Kousa Dogwood,Cornus kousa,Ornamental/Flowering Tree,15-30' x 15-30',Full Sun to Part Shade,Moderate,Well-drained,May; white (after leaf-out),Purple/red/yellow,Medium - fruit eaten by birds,More disease-tolerant than native dogwood,"Small yards, specimen",Medium,No,2. Ornamental/Flowering Trees,https://upload.wikimedia.org/wikipedia/commons/6/60/Cornus_kousa_img_2066.jpg
Eastern Redbud,Cercis canadensis,Ornamental/Flowering Tree,20-30' x 15-35',Full Sun to Part Shade,Moderate,"Well-drained, tolerates varied pH",Early spring; pink/purple,Yellow,"Medium - early nectar, seeds","Native, heart-shaped leaves","Woodland edge, contrast against evergreens",Low,Yes,2. Ornamental/Flowering Trees,https://upload.wikimedia.org/wikipedia/commons/thumb/e/ea/RedbudOhio02.jpg/960px-RedbudOhio02.jpg
Crape Myrtle,Lagerstroemia hybrids,Ornamental/Flowering Tree,10-30' x 15-25',Full Sun,Low to Moderate,"Well-drained, drought tolerant",Early summer-fall; white/pink/red/purple,Yellow/orange/red,Low-Medium - pollinators,"Heat-proof, exfoliating bark, long bloom","Street/patio tree, specimen",Medium,No,2. Ornamental/Flowering Trees,https://upload.wikimedia.org/wikipedia/commons/thumb/5/53/Lagerstroemia_indica_Blanco1.207.png/960px-Lagerstroemia_indica_Blanco1.207.png
Saucer Magnolia,Magnolia x soulangiana,Ornamental/Flowering Tree,20-30' x 20-30',Full Sun to Part Shade,Moderate,"Rich, acidic, well-drained",Mar-Apr; pink/white,Minimal,Low,"Early spectacular bloom, avoid frost pockets","Specimen, entry focal point",Low,No,2. Ornamental/Flowering Trees,https://upload.wikimedia.org/wikipedia/commons/thumb/a/a4/Magnolia_sieboldii_flower_1.jpg/960px-Magnolia_sieboldii_flower_1.jpg
Star Magnolia,Magnolia stellata,Ornamental/Flowering Tree,15-20' x 10-15',Full Sun,Moderate,Well-drained,"Feb-Mar; white, fragrant",Minimal,Low,"Very early bloom, compact","Small specimen, protect from late freezes",Low,No,2. Ornamental/Flowering Trees,https://upload.wikimedia.org/wikipedia/commons/thumb/b/be/Magnolia_stellata_fleurs.jpg/960px-Magnolia_stellata_fleurs.jpg
Sweetbay Magnolia,Magnolia virginiana,Ornamental/Flowering Tree,40-50' x 15-25',Full Sun to Part Shade,Moderate,"Tolerates moist soils, acidic","May-Jun; creamy white, fragrant (often repeats)","Variable, semi-evergreen","Medium - pollinators, seeds","Native, fragrant, tolerates wet sites",Near patios/water features,Low,Yes,2. Ornamental/Flowering Trees,https://upload.wikimedia.org/wikipedia/commons/thumb/a/a0/Magnolia_virginiana_flower_2.jpg/960px-Magnolia_virginiana_flower_2.jpg
White Fringetree,Chionanthus virginicus,Ornamental/Flowering Tree,12-20' x 12-20',Full Sun to Part Shade,Moderate,"Moist, acidic, well-drained",Early May; white cloud-like,Minor,Medium - blue-black fruit on females,"Native, under utility lines","Small focal tree, white bloom cloud",Low,Yes,2. Ornamental/Flowering Trees,https://upload.wikimedia.org/wikipedia/commons/thumb/a/ad/Chionanthus_virginicus_Arkansas.jpg/960px-Chionanthus_virginicus_Arkansas.jpg
Serviceberry,Amelanchier arborea,Ornamental/Flowering Tree,10-25' x 10-15',Full Sun to Part Shade,Moderate,"Moist, well-drained, adaptable",Mid Mar-early Apr; white,Yellow-orange-red,"High - berries, pollinators","Native, edible berries, multi-season interest","Woodland edge, multi-stem specimen",Low,Yes,2. Ornamental/Flowering Trees,https://upload.wikimedia.org/wikipedia/commons/thumb/3/34/Amelanchier_arborea_leaves.JPG/960px-Amelanchier_arborea_leaves.JPG
Carolina Silverbell,Halesia tetraptera,Ornamental/Flowering Tree,30-40' x 20-35',Part Shade,Moderate,"Rich, acidic, well-drained",Late Mar-Apr; white bells,Yellow,Medium,"Native, bell-shaped flowers","Understory accent, woodland borders",Low,Yes,2. Ornamental/Flowering Trees,https://upload.wikimedia.org/wikipedia/commons/thumb/c/c5/Silverbell_Halesia_tetraptera_Flowers.JPG/960px-Silverbell_Halesia_tetraptera_Flowers.JPG
Japanese Flowering Cherry,Prunus serrulata,Ornamental/Flowering Tree,15-25' x 15-25',Full Sun,Moderate,"Moist, well-drained",Early-mid spring; pink/white,Bronze/yellow-orange,Low,"Spectacular spring bloom, often short-lived",Lawn specimen,Medium,No,2. Ornamental/Flowering Trees,https://upload.wikimedia.org/wikipedia/commons/thumb/1/10/Cerisier_du_Japon_Prunus_serrulata.jpg/960px-Cerisier_du_Japon_Prunus_serrulata.jpg
Yoshino Cherry,Prunus x yedoensis,Ornamental/Flowering Tree,25-50' x 25-50',Full Sun,Moderate,Needs consistent moisture,Early spring; white/pale pink,Yellowish,Low,Iconic spring display,"Lawn, entry drive",Medium,No,2. Ornamental/Flowering Trees,https://upload.wikimedia.org/wikipedia/commons/thumb/e/e2/2020-04-07_Prunus_%C3%97_yedoensis_Tambasasayama%2CHyogo%28%E4%B8%B9%E6%B3%A2%E7%AF%A0%E5%B1%B1%E5%B8%82%E7%AF%A0%E5%B1%B1%E5%B7%9D%E3%81%AE%E3%82%BD%E3%83%A1%E3%82%A4%E3%83%A8%E3%82%B7%E3%83%8E%29DSCF2986%E2%98%86%E5%BD%A1.jpg/960px-2020-04-07_Prunus_%C3%97_yedoensis_Tambasasayama%2CHyogo%28%E4%B8%B9%E6%B3%A2%E7%AF%A0%E5%B1%B1%E5%B8%82%E7%AF%A0%E5%B1%B1%E5%B7%9D%E3%81%AE%E3%82%BD%E3%83%A1%E3%82%A4%E3%83%A8%E3%82%B7%E3%83%8E%29DSCF2986%E2%98%86%E5%BD%A1.jpg
Crabapple (disease-resistant),Malus spp.,Ornamental/Flowering Tree,10-25' x 10-25',Full Sun,Moderate,"Moist, slightly acidic, well-drained",April; white/pink/red,Variable,Medium-High - persistent fruit for birds,Choose disease-resistant cultivars,"Patio/specimen, four-season interest",Medium,No,2. Ornamental/Flowering Trees,https://upload.wikimedia.org/wikipedia/commons/thumb/2/2f/Purple_prince_crabapple_tree.JPG/960px-Purple_prince_crabapple_tree.JPG
Japanese Maple,Acer palmatum,Ornamental/Flowering Tree,6-25' x 6-25',Part Shade (best),Moderate,"Evenly moist, acidic, well-drained",Spring (not showy),Red/orange/yellow (excellent),Low,"Protect from hot afternoon sun, hundreds of cultivars","Courtyards, entries, containers",Medium,No,2. Ornamental/Flowering Trees,https://upload.wikimedia.org/wikipedia/commons/d/d6/Acer_palmatum0.jpg
Sourwood,Oxydendrum arboreum,Ornamental/Flowering Tree,20-30' x 15-25',Full Sun to Part Shade,Moderate,"Acidic, well-drained",Summer; white lily-of-valley chains,Red (excellent),"High - nectar, pollinators","Native, summer bloom + fall color, honey tree","Naturalized edges, specimen",Low,Yes,2. Ornamental/Flowering Trees,https://upload.wikimedia.org/wikipedia/commons/b/be/Oxydendrum_arboreum.jpg
Pawpaw,Asimina triloba,Ornamental/Flowering Tree,15-25' x 15-25',Part Shade to Full Sun,Moderate,"Moist, well-drained",Late spring; maroon,Yellow,"High - larval host, edible fruit","Native, tropical-looking leaves, edible fruit","Understory edible, woodland garden",Low,Yes,2. Ornamental/Flowering Trees,https://upload.wikimedia.org/wikipedia/commons/thumb/1/15/Asimina_triloba3.jpg/960px-Asimina_triloba3.jpg
Higan Cherry,Prunus subhirtella,Ornamental/Flowering Tree,20-40' x 15-30',Full Sun,Moderate,Well-drained,Late winter-spring; pink (some fall rebloom),Yellowish,Low,Graceful weeping forms available,"Specimen, Upstate favorite",Medium,No,2. Ornamental/Flowering Trees,https://upload.wikimedia.org/wikipedia/commons/thumb/5/57/Fr%C3%BChling_bl%C3%BChender_Kirschenbaum.jpg/960px-Fr%C3%BChling_bl%C3%BChender_Kirschenbaum.jpg
Two-Winged Silverbell,Halesia diptera,Ornamental/Flowering Tree,20-30' x 20-30',Part Shade,Moderate,"Rich, acidic, well-drained",Late Mar-Apr; white bells,Yellow,Medium,"Native, smaller silverbell alternative","Understory, woodland border",Low,Yes,2. Ornamental/Flowering Trees,https://upload.wikimedia.org/wikipedia/commons/6/68/Halesia_diptera0.jpg
Southern Magnolia,Magnolia grandiflora,Evergreen Tree,60-80' x 30-50',Full Sun to Part Shade,Moderate,"Rich, acidic, well-drained","May-Jun; large white, fragrant (repeats)",Evergreen; showy seed cones,Medium-High - seeds for birds,"Native, evergreen, fragrant, narrow cultivars available","Large specimen, evergreen screen",Low,Yes,3. Evergreen Trees,https://upload.wikimedia.org/wikipedia/commons/thumb/d/dc/Magn%C3%B2lia_a_Verbania.JPG/960px-Magn%C3%B2lia_a_Verbania.JPG
Live Oak,Quercus virginiana,Evergreen Tree,40-80' x 60-100',Full Sun,Low to Moderate,"Well-drained, drought tolerant",Spring catkins,Evergreen to semi-evergreen,High - acorns,"Native, iconic Southern canopy","Signature canopy tree, allow room",Low,Yes,3. Evergreen Trees,https://upload.wikimedia.org/wikipedia/commons/thumb/1/1b/FL_Volusia_Oak03.jpg/960px-FL_Volusia_Oak03.jpg
American Holly,Ilex opaca,Evergreen Tree,Up to 50' x 10-30',Full Sun to Part Shade,Moderate,"Well-drained, slightly acidic",Late spring; red berries on females,Evergreen + red berries,"High - berries, cover for birds","Native, classic holly","Specimen, screens, wildlife plantings",Low,Yes,3. Evergreen Trees,https://upload.wikimedia.org/wikipedia/commons/thumb/c/c1/Ilex_opaca_USDA.jpg/960px-Ilex_opaca_USDA.jpg
Nellie R. Stevens Holly,Ilex x 'Nellie R. Stevens',Evergreen Tree,15-25' x 10-15',Full Sun to Part Shade,Moderate,Well-drained,Spring; heavy red berries,Evergreen + heavy berries,High - birds,"Fast dense growth, classic Upstate performer",Privacy screen,Low,No,3. Evergreen Trees,https://upload.wikimedia.org/wikipedia/commons/thumb/2/21/Ilex_Nellie_R._Stevens_3zz.jpg/960px-Ilex_Nellie_R._Stevens_3zz.jpg
Foster Holly,Ilex x attenuata 'Fosteri',Evergreen Tree,20-30' x 10-15',Full Sun to Part Shade,Moderate,Well-drained,Spring; red berries on females,Evergreen + berries,High - birds,Narrow pyramidal form,"Narrow screens, specimen",Low,No,3. Evergreen Trees,https://upload.wikimedia.org/wikipedia/commons/thumb/e/e9/Ilex_x_attenuata_Fosteri_3zz.jpg/960px-Ilex_x_attenuata_Fosteri_3zz.jpg
Savannah Holly,Ilex x attenuata 'Savannah',Evergreen Tree,30-40' x 10-20',Full Sun to Part Shade,Moderate,Well-drained,Spring; red berries on females,Evergreen + berries,High - birds,"Open, graceful pyramidal form",Screens where width matters,Low,No,3. Evergreen Trees,https://upload.wikimedia.org/wikipedia/commons/thumb/e/e9/Ilex_x_attenuata_Fosteri_3zz.jpg/960px-Ilex_x_attenuata_Fosteri_3zz.jpg
Eastern Redcedar,Juniperus virginiana,Evergreen Tree,30-50' x 10-20',Full Sun,Low,"Adaptable, drought tolerant",Winter-spring (pollen),Evergreen; blue berries,High - birds,"Native, tough, windbreak","Windbreaks, tough sites, naturalized",Low,Yes,3. Evergreen Trees,https://upload.wikimedia.org/wikipedia/commons/thumb/2/2c/2014-05-13_08_32_55_Eastern_Red_Cedar_at_South_Riding_Golf_Club_in_South_Riding%2C_Virginia.JPG/960px-2014-05-13_08_32_55_Eastern_Red_Cedar_at_South_Riding_Golf_Club_in_South_Riding%2C_Virginia.JPG
Loblolly Pine,Pinus taeda,Evergreen Tree,40-90' x 20-35',Full Sun,Moderate,Acidic soils preferred,Spring pollen/cones,Evergreen,"Medium-High - seeds, nesting","Native, fast screen","Fast screen, large properties",Low,Yes,3. Evergreen Trees,https://upload.wikimedia.org/wikipedia/commons/thumb/6/6e/Loblolly_Pines_South_Mississippi.JPG/960px-Loblolly_Pines_South_Mississippi.JPG
Longleaf Pine,Pinus palustris,Evergreen Tree,55-100' x 20-35',Full Sun,Low,"Sandy, acidic, well-drained",Spring pollen/cones,Evergreen,Medium-High,"Native, signature Southern pine","Drier sites, restoration",Low,Yes,3. Evergreen Trees,https://upload.wikimedia.org/wikipedia/commons/thumb/3/3b/Pinus_palustris_bark_30_NBG_LR.jpg/960px-Pinus_palustris_bark_30_NBG_LR.jpg
Eastern White Pine,Pinus strobus,Evergreen Tree,50-80' x 20-40',Full Sun,Moderate,"Moist, well-drained",Spring pollen/cones,Evergreen,Medium,"Native, soft texture, avoid road salt","Screen/specimen, cooler sites",Low,Yes,3. Evergreen Trees,https://upload.wikimedia.org/wikipedia/commons/4/48/Pinus_strobus_trees.jpg
Japanese Cryptomeria,Cryptomeria japonica,Evergreen Tree,30-50' x 20-30',Full Sun to Part Shade,Moderate,"Moist, acidic, well-drained",Cones,Evergreen (may bronze slightly in winter),Low-Medium,"Excellent Leyland cypress substitute, pyramidal","Screens, specimens, Leyland alternative",Low,No,3. Evergreen Trees,https://upload.wikimedia.org/wikipedia/commons/thumb/9/9c/Cryptomeria_japonica_SZ124.png/960px-Cryptomeria_japonica_SZ124.png
Leyland Cypress,x Cupressocyparis leylandii,Evergreen Tree,60-70' x 12-20',Full Sun to Part Shade,Moderate,"Well-drained, fertile",Cones,Evergreen,Low,Use with caution - high disease/pest risk per Clemson,Quick screen on large sites (high long-term risk),High,No,3. Evergreen Trees,https://upload.wikimedia.org/wikipedia/commons/thumb/3/35/Leyland_Cypress_NBG.jpg/960px-Leyland_Cypress_NBG.jpg
Green Giant Arborvitae,Thuja plicata 'Green Giant',Evergreen Tree,30-50' x 12-18',Full Sun,Moderate,"Moist, well-drained, fertile",Cones,Evergreen,Low-Medium,Clemson-recommended tall conifer screen,"Tall conifer screen, privacy",Low,No,3. Evergreen Trees,https://upload.wikimedia.org/wikipedia/commons/thumb/a/a3/Thuja_plicata_Vancouver.jpg/960px-Thuja_plicata_Vancouver.jpg
Arizona Cypress,Cupressus arizonica,Evergreen Tree,40-60' x 15-25',Full Sun,Low,"Prefers drier sites, good drainage",Cones,"Evergreen, blue-green",Low,Clemson-recommended screen for dry sunny sites,Dry site screens,Low,No,3. Evergreen Trees,https://upload.wikimedia.org/wikipedia/commons/thumb/9/9c/Cypress_Halefka.JPG/960px-Cypress_Halefka.JPG
Tea Olive,Osmanthus fragrans,Evergreen Tree,15-25' x 10-15',Full Sun to Part Shade,Moderate,Well-drained,Fall; extremely fragrant small white flowers,Evergreen,Low-Medium - pollinators,"Fragrant, broadleaf evergreen","Near patios/entries, evergreen screen",Low,No,3. Evergreen Trees,https://upload.wikimedia.org/wikipedia/commons/thumb/e/ea/Osmanthus_fragrans_%28orange_flowers%29.jpg/960px-Osmanthus_fragrans_%28orange_flowers%29.jpg
Deodar Cedar,Cedrus deodara,Evergreen Tree,40-70' x 20-40',Full Sun,Low to Moderate,Well-drained,Cones,"Evergreen, graceful pendulous branches",Low,Graceful specimen conifer,"Specimen, give room",Low,No,3. Evergreen Trees,https://upload.wikimedia.org/wikipedia/commons/thumb/d/dc/Cedrus_deodara_Manali_2.jpg/960px-Cedrus_deodara_Manali_2.jpg
Hinoki Cypress,Chamaecyparis obtusa,Evergreen Tree,15-40' x 10-20',Full Sun to Part Shade,Moderate,Well-drained,Cones,"Evergreen, architectural",Low,"Slow-growing, many cultivar sizes","Specimen, foundation (dwarf forms)",Low,No,3. Evergreen Trees,https://upload.wikimedia.org/wikipedia/commons/thumb/d/d1/%E5%A4%A7%E6%99%BA%E5%AF%BA_%28%E5%B2%90%E9%98%9C%E5%B8%82%29-%E6%A8%B9%E9%BD%A2%E7%B4%84700%E5%B9%B4%E3%81%AE%E5%A4%A7%E3%83%92%E3%83%8E%E3%82%ADdaichiji008.jpg/960px-%E5%A4%A7%E6%99%BA%E5%AF%BA_%28%E5%B2%90%E9%98%9C%E5%B8%82%29-%E6%A8%B9%E9%BD%A2%E7%B4%84700%E5%B9%B4%E3%81%AE%E5%A4%A7%E3%83%92%E3%83%8E%E3%82%ADdaichiji008.jpg
Carolina Hemlock,Tsuga caroliniana,Evergreen Tree,30-50' x 20-30',Part Shade,Moderate,"Moist, well-drained",Cones,"Evergreen, graceful",Medium,"Native, elegant, monitor for HWA pest","Cooler/filtered sites, specimen",Medium,Yes,3. Evergreen Trees,https://upload.wikimedia.org/wikipedia/commons/thumb/f/f1/Tsuga_caroliniana_Rog%C3%B3w.jpg/960px-Tsuga_caroliniana_Rog%C3%B3w.jpg
Evergreen Azalea,Rhododendron (evergreen hybrids),Flowering Shrub,3-10' x 3-10',Part Shade,Moderate,"Acidic, organic, well-drained",Mar-Apr; many colors,Evergreen,Pollinators,"Evergreen, mass color","Foundation, woodland edge, mass planting",Medium,No,4. Flowering Shrubs,https://upload.wikimedia.org/wikipedia/commons/thumb/e/e0/Alpenroos.jpg/960px-Alpenroos.jpg
Piedmont Azalea,Rhododendron canescens,Flowering Shrub,8-15' x 6-15',Part Shade,Moderate,"Acidic, moist but well-drained","Mar-Apr; white-pink, fragrant",Deciduous,"Pollinators, native ecology","Native, fragrant, deciduous","Naturalized, woodland border",Low,Yes,4. Flowering Shrubs,https://upload.wikimedia.org/wikipedia/commons/thumb/c/c2/Rhododendron_canescens_Arkansas.jpg/960px-Rhododendron_canescens_Arkansas.jpg
Bigleaf Hydrangea,Hydrangea macrophylla,Flowering Shrub,4-12' x 4-12',Part Shade,High to Moderate,"Moist, rich, well-drained; pH affects color",Jun-Aug; blue/pink/white,Deciduous,Pollinators (limited),Bloom color changes with soil pH,"Foundation, border, containers",Medium,No,4. Flowering Shrubs,https://upload.wikimedia.org/wikipedia/commons/thumb/2/21/%28Natural%29_Hydrangea_macrophylla%2C_Iwafune%2C_Isumi%2C_Chiba%2C_Japan_2.jpg/960px-%28Natural%29_Hydrangea_macrophylla%2C_Iwafune%2C_Isumi%2C_Chiba%2C_Japan_2.jpg
Oakleaf Hydrangea,Hydrangea quercifolia,Flowering Shrub,4-8' x 4-8',Part Shade to Full Sun,Moderate,"Organic, well-drained",May-Jul; white aging to pink,Burgundy/red (excellent),"Pollinators, cover","Native, four-season interest, exfoliating bark","Specimen, massing, woodland",Low,Yes,4. Flowering Shrubs,https://upload.wikimedia.org/wikipedia/commons/thumb/f/f3/Hydrangea_quercifolia_BhamBotGdn.jpg/960px-Hydrangea_quercifolia_BhamBotGdn.jpg
Panicle Hydrangea,Hydrangea paniculata,Flowering Shrub,8-15' x 6-12',Full Sun to Part Shade,Moderate,"Adaptable, consistent moisture",Jul-Sep; white turning pink,Deciduous,Pollinators,"Blooms on new wood, reliable","Screen, specimen, mixed border",Low,No,4. Flowering Shrubs,https://upload.wikimedia.org/wikipedia/commons/thumb/5/59/Hydrangea_paniculata_IMG_6629.JPG/960px-Hydrangea_paniculata_IMG_6629.JPG
Smooth Hydrangea,Hydrangea arborescens,Flowering Shrub,3-5' x 3-5',Part Shade,Moderate,"Moist, organic, tolerates clay",Jun-Sep; white,Deciduous,Pollinators,"Native, blooms on new wood","Shade border, massing",Low,Yes,4. Flowering Shrubs,https://upload.wikimedia.org/wikipedia/commons/thumb/e/ed/Hydrangea_arborescens_001.JPG/960px-Hydrangea_arborescens_001.JPG
Japanese Camellia,Camellia japonica,Flowering Shrub,6-25' x 6-10',Part Shade to Shade,Moderate,"Acidic, rich, well-drained",Sep-Apr; white/pink/red,Evergreen,"Early-season nectar, cover","Evergreen, winter/early spring bloom","Specimen, screen, foundation",Medium,No,4. Flowering Shrubs,https://upload.wikimedia.org/wikipedia/commons/thumb/e/e9/Camellia_japonica_NBG.jpg/960px-Camellia_japonica_NBG.jpg
Sasanqua Camellia,Camellia sasanqua,Flowering Shrub,1.5-12' x 2-10',Part Shade to Full Sun,Moderate,"Acidic, well-drained",Oct-Dec; often fragrant,Evergreen,Pollinators (cool-season),"Evergreen, fall-blooming, fragrant","Hedge, espalier, specimen",Medium,No,4. Flowering Shrubs,https://upload.wikimedia.org/wikipedia/commons/1/12/Camellia_sasanqua1.jpg
Chinese Fringe-Flower,Loropetalum chinense var. rubrum,Flowering Shrub,3-15' x 3-15',Full Sun to Part Shade,Low to Moderate,Well-drained,Feb-Apr; pink/magenta (some rebloom),"Evergreen, burgundy foliage",Pollinators,"Evergreen, purple foliage, deer resistant","Foundation, hedge, accent color",Low,No,4. Flowering Shrubs,https://upload.wikimedia.org/wikipedia/commons/b/b6/Loropetalum-chinensis-rubrum.jpg
Butterfly Bush,Buddleja davidii,Flowering Shrub,6-12' x 4-10',Full Sun,Low to Moderate,Well-drained (critical),Jun-Oct; purple/pink/white,Deciduous,"Butterflies, bees, hummingbirds","Long bloom, choose sterile cultivars (can be weedy)","Pollinator beds, backdrop",Medium,No,4. Flowering Shrubs,https://upload.wikimedia.org/wikipedia/commons/thumb/9/90/BuddlejaDavidiiStrauch.jpg/960px-BuddlejaDavidiiStrauch.jpg
Shrub Rose,Rosa (landscape/shrub),Flowering Shrub,3-6' x 3-6',Full Sun,Moderate,"Well-drained, fertile",May-frost; many colors,Deciduous,"Pollinators, hips for birds","Continuous bloom, Knock Out types popular","Borders, hedges, accents",Medium,No,4. Flowering Shrubs,https://upload.wikimedia.org/wikipedia/commons/thumb/c/cf/Rosa_%27Rosengr%C3%A4fin_Marie_Henriette%27_%28actm%29.jpg/960px-Rosa_%27Rosengr%C3%A4fin_Marie_Henriette%27_%28actm%29.jpg
Koreanspice Viburnum,Viburnum carlesii,Flowering Shrub,4-8' x 4-8',Full Sun to Part Shade,Moderate,"Moist, slightly acidic","Mar-Apr; pink buds opening white, fragrant",Deciduous,Pollinators,Extremely fragrant spring bloom,"Specimen, near entries",Low,No,4. Flowering Shrubs,https://upload.wikimedia.org/wikipedia/commons/thumb/6/64/Viburnum_carlesii_from_Korea_and_Japan_blossoms_%281%29.jpg/960px-Viburnum_carlesii_from_Korea_and_Japan_blossoms_%281%29.jpg
Arrowwood Viburnum,Viburnum dentatum,Flowering Shrub,6-15' x 6-10',Full Sun to Part Shade,Moderate,"Wide soil tolerance, moist loam",May; white flat-topped clusters + blue fruit,Reddish-purple,"Birds, pollinators","Native, adaptable, fruit for birds","Hedge, screen, naturalized",Low,Yes,4. Flowering Shrubs,https://upload.wikimedia.org/wikipedia/commons/thumb/9/95/Viburnum_dentatum_flowers.jpg/960px-Viburnum_dentatum_flowers.jpg
Doublefile Viburnum,Viburnum plicatum f. tomentosum,Flowering Shrub,8-12' x 10-15',Part Shade,Moderate,"Moist, well-drained",Apr; white layered horizontal branches,Reddish-purple,Birds (some cultivars),Dramatic horizontal layered form,"Specimen, layered backdrop",Low,No,4. Flowering Shrubs,https://upload.wikimedia.org/wikipedia/commons/7/74/Virburnum_plicatum1.jpg
Bridal Wreath Spirea,Spiraea x vanhouttei,Flowering Shrub,5-8' x 7-10',Full Sun to Part Shade,Low to Moderate,"Adaptable, avoid very wet",Apr; cascading white,Deciduous,Butterfly visitation,"Deer resistant, old-South charm, arching form","Large hedge, mass planting",Low,No,4. Flowering Shrubs,https://upload.wikimedia.org/wikipedia/commons/thumb/2/27/Illustration_Spiraea_salicifolia0.jpg/960px-Illustration_Spiraea_salicifolia0.jpg
Weigela,Weigela florida,Flowering Shrub,4-8' x 4-8',Full Sun to Part Shade,Moderate,"Well-drained, average fertility",Apr-May; pink/red/white,Deciduous,"Hummingbirds, bees",Tubular flowers attract hummingbirds,"Mixed border, foundation",Low,No,4. Flowering Shrubs,https://upload.wikimedia.org/wikipedia/commons/4/45/Dipsacales_-_Weigela_florida_-_1.jpg
Glossy Abelia,Abelia x grandiflora,Flowering Shrub,3-6' x 3-6',Full Sun to Part Shade,Low to Moderate,"Adaptable, well-drained",May-Oct; white/pink,Semi-evergreen,Pollinators,"Long bloom season, semi-evergreen","Foundation, informal hedge",Low,No,4. Flowering Shrubs,https://upload.wikimedia.org/wikipedia/commons/thumb/f/f0/Abelia_flowers.jpg/960px-Abelia_flowers.jpg
Gardenia,Gardenia jasminoides,Flowering Shrub,3-6' x 3-6',Part Shade,Moderate,"Acidic, organic, well-drained","May-Jul; white, intensely fragrant",Evergreen,Pollinators,"Fragrant, choose cold-hardy cultivars for 7b","Entry gardens, fragrance zones",High,No,4. Flowering Shrubs,https://upload.wikimedia.org/wikipedia/commons/thumb/5/54/Gardenia_jasminoides_flower_Argentina.jpg/960px-Gardenia_jasminoides_flower_Argentina.jpg
Spirea (Thunberg),Spiraea thunbergii,Flowering Shrub,3-5' x 3-5',Full Sun to Part Shade,Low to Moderate,"Adaptable, avoid very wet",Mar-Apr; white,Deciduous,Butterfly visitation,"Deer resistant, fine texture, early bloom","Border shrub, mass planting",Low,No,4. Flowering Shrubs,https://upload.wikimedia.org/wikipedia/commons/thumb/9/9c/Spiraea_thunbergii_E.jpg/960px-Spiraea_thunbergii_E.jpg
Swamp Azalea,Rhododendron viscosum,Flowering Shrub,3-15' x 3-15',Part Shade,Moderate to High,Moist/wet tolerant,"May-Jun; white/pink, clove-scented",Deciduous,Pollinators,"Native, fragrant, tolerates wet sites",Wet woodland edges,Low,Yes,4. Flowering Shrubs,https://upload.wikimedia.org/wikipedia/commons/thumb/5/5d/Swamp_Azalea_Blooming.jpg/960px-Swamp_Azalea_Blooming.jpg
Boxwood,Buxus spp.,Evergreen Shrub,2-6' x 2-6',Part Shade,Moderate,"Well-drained, neutral to slightly alkaline",Evergreen form/structure,Evergreen,Cover,"Formal structure, many cultivars","Formal hedges, edging, containers",Medium,No,5. Evergreen Shrubs,https://upload.wikimedia.org/wikipedia/commons/thumb/f/fd/Buxus_sempervirens.jpg/960px-Buxus_sempervirens.jpg
Japanese Holly,Ilex crenata,Evergreen Shrub,3-10' x 3-10',Full Sun to Part Shade,Moderate,"Well-drained, slightly acidic",Small black fruit,Evergreen,Birds (limited),"Boxwood substitute, fine texture","Hedging, foundation",Medium,No,5. Evergreen Shrubs,https://upload.wikimedia.org/wikipedia/commons/thumb/9/97/Ilex_Crenata5.jpg/960px-Ilex_Crenata5.jpg
Yaupon Holly,Ilex vomitoria,Evergreen Shrub,3-15' x 3-10',Full Sun to Part Shade,Low to Moderate,"Adaptable, heat/wind tolerant",Red berries on females,Evergreen,Birds,"Native, deer resistant, versatile","Screen, specimen, small tree form",Low,Yes,5. Evergreen Shrubs,https://upload.wikimedia.org/wikipedia/commons/thumb/5/53/Ilex_vomitoria.jpg/960px-Ilex_vomitoria.jpg
Inkberry,Ilex glabra,Evergreen Shrub,4-10' x 4-10',Full Sun to Part Shade,Moderate,"Acidic, tolerates wetter soils",Black berries; evergreen,Evergreen,"Birds, cover","Native, tolerates moist sites","Massing, rain garden edges, foundation",Low,Yes,5. Evergreen Shrubs,https://upload.wikimedia.org/wikipedia/commons/thumb/c/c2/Ilex_glabra_251258583.jpg/960px-Ilex_glabra_251258583.jpg
Dwarf Yaupon Holly,Ilex vomitoria 'Nana',Evergreen Shrub,3-5' x 5-8',Full Sun to Part Shade,Low to Moderate,Adaptable,Evergreen mound,Evergreen,Cover,"Native, deer resistant, compact mound","Low hedge, foundation",Low,Yes,5. Evergreen Shrubs,https://upload.wikimedia.org/wikipedia/commons/thumb/5/53/Ilex_vomitoria.jpg/960px-Ilex_vomitoria.jpg
Chinese Holly,Ilex cornuta,Evergreen Shrub,6-15' x 6-15',Full Sun to Part Shade,Moderate,Well-drained,Red berries (heavy),Evergreen,Birds,"Deer resistant, spiny leaves, many cultivars","Barrier hedge, screen",Low,No,5. Evergreen Shrubs,https://upload.wikimedia.org/wikipedia/commons/thumb/7/7b/Ilexcornuta.JPG/960px-Ilexcornuta.JPG
Nandina,Nandina domestica,Evergreen Shrub,2-8' x 2-6',Full Sun to Shade,Low to Moderate,Adaptable,White flowers + red berries + winter color,"Evergreen, red winter foliage",Birds (toxicity concern with berries),"Deer resistant, use low-fruit cultivars (invasive concerns)","Foundation, massing, containers",Low,No,5. Evergreen Shrubs,https://upload.wikimedia.org/wikipedia/commons/thumb/3/37/Nandina_domestica_cv_Otafukunante1.jpg/960px-Nandina_domestica_cv_Otafukunante1.jpg
Japanese Privet,Ligustrum japonicum,Evergreen Shrub,6-10' x 5-6',Full Sun to Part Shade,Low,Drought/heat tolerant,Fragrant white flowers; berries,Evergreen,Some wildlife,"Fast screen, use cautiously (invasive potential)",Fast screen/hedge,Low,No,5. Evergreen Shrubs,https://upload.wikimedia.org/wikipedia/commons/thumb/f/ff/Ligustrum_japonicum_01.jpg/960px-Ligustrum_japonicum_01.jpg
Juniper (upright forms),Juniperus spp.,Evergreen Shrub,6-20' x 4-15',Full Sun,Low,Well-drained,Evergreen texture; blue berries,Evergreen,"Birds, cover","Deer resistant, drought tolerant","Screens, windbreaks",Low,No,5. Evergreen Shrubs,https://upload.wikimedia.org/wikipedia/commons/thumb/1/1e/Juniperus_communis_fruits_-_Keila.jpg/960px-Juniperus_communis_fruits_-_Keila.jpg
Pittosporum,Pittosporum tobira,Evergreen Shrub,2-12' x 3-18',Full Sun to Shade,Low,"Well-drained, avoid wet soils",Very fragrant spring flowers,Evergreen,Pollinators,"Fragrant, choose cold-tolerant cultivars","Hedge, foundation, containers",Low,No,5. Evergreen Shrubs,https://upload.wikimedia.org/wikipedia/commons/thumb/3/3e/Pittosporum_Tobira_JPG0.jpg/960px-Pittosporum_Tobira_JPG0.jpg
Sweet Viburnum,Viburnum odoratissimum,Evergreen Shrub,10-20' x 8-15',Full Sun to Part Shade,Moderate,"Moist, well-drained",Spring flowers; screening,Evergreen,Birds,Fast-growing screen,Tall screen (check cold tolerance),Low,No,5. Evergreen Shrubs,https://upload.wikimedia.org/wikipedia/commons/thumb/c/cd/Viburnum_odoratissimum_6zz.jpg/960px-Viburnum_odoratissimum_6zz.jpg
Awabuki Viburnum,Viburnum awabuki 'Chindo',Evergreen Shrub,15-20' x 10-15',Full Sun to Part Shade,Low to Moderate,Well-drained,Glossy leaves; red berries,Evergreen,Birds,"Glossy, clean foliage, fast screen",Big glossy screen,Low,No,5. Evergreen Shrubs,https://upload.wikimedia.org/wikipedia/commons/f/fe/Viburnum_opulus_C.jpg
Distylium,Distylium hybrids,Evergreen Shrub,3-10' x 3-8',Full Sun to Part Shade,Low to Moderate,"Well-drained, clay-tolerant",Evergreen; minor flowers,Evergreen,Low,"Deer resistant, very durable, disease-free","Foundation, hedge, boxwood substitute",Low,No,5. Evergreen Shrubs,https://upload.wikimedia.org/wikipedia/commons/thumb/8/8b/Distylium_racemosum3.jpg/960px-Distylium_racemosum3.jpg
Holly Tea Olive,Osmanthus heterophyllus,Evergreen Shrub,6-10' x 6-10',Full Sun to Part Shade,Moderate,Well-drained,Fragrant fall flowers (subtle),Evergreen,Pollinators,"Deer resistant, holly-like leaves, fragrant","Evergreen screen, deer areas",Low,No,5. Evergreen Shrubs,https://upload.wikimedia.org/wikipedia/commons/thumb/8/8a/Osmanthus_heterophyllus3.jpg/960px-Osmanthus_heterophyllus3.jpg
Japanese Pieris,Pieris japonica,Evergreen Shrub,6-12' x 6-10',Part Shade to Shade,Moderate,"Acidic, organic, well-drained",Late winter/spring; white/pink,Evergreen,Pollinators,"Cascading flower clusters, new growth colorful","Shade foundation, woodland",Medium,No,5. Evergreen Shrubs,https://upload.wikimedia.org/wikipedia/commons/thumb/d/d7/Pieris_japonica_10.jpg/960px-Pieris_japonica_10.jpg
Aucuba,Aucuba japonica,Evergreen Shrub,6-10' x 5-8',Shade to Part Shade,Moderate,"Rich, well-drained",Bold foliage; red berries (female),Evergreen,Birds,"Gold-spotted foliage cultivars, deep shade tolerant",Deep shade structure,Low,No,5. Evergreen Shrubs,https://upload.wikimedia.org/wikipedia/commons/thumb/c/c6/Aucuba_japonica_Gold_Dust_NBG_LR.jpg/960px-Aucuba_japonica_Gold_Dust_NBG_LR.jpg
Florida Leucothoe,Agarista populifolia,Evergreen Shrub,3-8' x 3-8',Part Shade to Shade,Moderate,"Acidic, moist, well-drained",Evergreen; white spring bloom,Evergreen,Pollinators,"Native, deer resistant, arching form","Shade shrub, naturalized",Low,Yes,5. Evergreen Shrubs,https://upload.wikimedia.org/wikipedia/commons/thumb/3/37/Agarista_populifolia_4.JPG/960px-Agarista_populifolia_4.JPG
Wax Myrtle,Myrica cerifera,Evergreen Shrub,10-20' x 10-20',Full Sun to Part Shade,Low to Moderate,"Very adaptable, tolerates poor soils",Evergreen; waxy berries,Evergreen,"Birds, cover","Native, deer resistant, fast screen, aromatic","Fast screen, coastal-style hedge",Low,Yes,5. Evergreen Shrubs,https://upload.wikimedia.org/wikipedia/commons/thumb/c/c2/Starr_031108-0155_Morella_cerifera.jpg/960px-Starr_031108-0155_Morella_cerifera.jpg
American Beautyberry,Callicarpa americana,Native Shrub,3-6' x 3-6',Full Sun to Part Shade,Moderate,"Adaptable, best with organic matter",Summer small flowers; stunning purple fruit fall,Deciduous,"Birds, cover","Native, spectacular purple berries","Naturalized edges, shrub borders",Low,Yes,6. Native Plants & Shrubs,https://upload.wikimedia.org/wikipedia/commons/thumb/9/97/Callicarpa_americana_infructescence.jpg/960px-Callicarpa_americana_infructescence.jpg
Virginia Sweetspire,Itea virginica,Native Shrub,3-5' x 3-5',Full Sun to Part Shade,Moderate to High,Moist to wet tolerant,Jun-Jul; white fragrant racemes,Red/garnet (excellent),"Pollinators, cover","Native, tolerates wet sites, great fall color","Rain gardens, banks, massing",Low,Yes,6. Native Plants & Shrubs,https://upload.wikimedia.org/wikipedia/commons/thumb/8/8c/Itea_virginica_flowers_001.JPG/960px-Itea_virginica_flowers_001.JPG
Summersweet,Clethra alnifolia,Native Shrub,3-8' x 3-6',Part Shade to Shade,Moderate,"Acidic, moist, well-drained",Jul-Aug; fragrant white/pink,Yellow,Pollinators,"Native, fragrant summer bloom","Shade shrub, fragrance, rain edges",Low,Yes,6. Native Plants & Shrubs,https://upload.wikimedia.org/wikipedia/commons/thumb/6/6a/Clethra-alnifolia-flowers.JPG/960px-Clethra-alnifolia-flowers.JPG
Blackhaw Viburnum,Viburnum prunifolium,Native Shrub/Small Tree,12-15' x 8-12',Full Sun to Part Shade,Low to Moderate,"Adaptable, drought tolerant once established",Spring; white flowers + dark fruit,Red-purple,"Birds, pollinators","Native, drought tolerant, edible fruit","Screen, naturalized hedge",Low,Yes,6. Native Plants & Shrubs,https://upload.wikimedia.org/wikipedia/commons/thumb/7/71/Viburnum_prunifolium_USDA1.jpg/960px-Viburnum_prunifolium_USDA1.jpg
Mapleleaf Viburnum,Viburnum acerifolium,Native Shrub,4-6' x 3-4',Shade to Part Shade,Low to Moderate,"Tolerates dry shade, organic",Spring; white flowers,Pink-purple (excellent),Birds,"Native, dry shade tolerant","Woodland, dry shade understory",Low,Yes,6. Native Plants & Shrubs,https://upload.wikimedia.org/wikipedia/commons/thumb/3/3f/Viburnum_acerifolium.jpg/960px-Viburnum_acerifolium.jpg
Buttonbush,Cephalanthus occidentalis,Native Shrub,6-12' x 6-12',Full Sun to Part Shade,High,"Wet soils, pond/stream edges",Summer; white spheres,"Pollinators, birds","Native, wet site specialist","Rain gardens, riparian buffers, pond edges",Low,Yes,6. Native Plants & Shrubs,https://upload.wikimedia.org/wikipedia/commons/thumb/0/0b/Cephalanthus_occidentalis_occidentalis1.jpg/960px-Cephalanthus_occidentalis_occidentalis1.jpg,
Spicebush,Lindera benzoin,Native Shrub,6-12' x 6-12',Part Shade to Shade,Moderate,"Moist, organic",Yellow spring flowers; red fruit (female),"Birds, swallowtail larval host","Native, aromatic leaves, spicebush swallowtail host",Woodland understory,Low,Yes,6. Native Plants & Shrubs,https://upload.wikimedia.org/wikipedia/commons/6/69/Spicebush_%284506720062%29.jpg,
Sweetshrub,Calycanthus floridus,Native Shrub,6-10' x 6-10',Part Shade to Shade,Moderate,"Organic, well-drained","Spring; maroon, fruity fragrant",Yellow,Pollinators,"Native, Carolina allspice, fragrant bloom","Shade border, fragrance garden",Low,Yes,6. Native Plants & Shrubs,https://upload.wikimedia.org/wikipedia/commons/thumb/7/7d/%28MHNT%29_Calycanthus_floridus_-_Les_Martels%2C_Giroussens_Tarn.jpg/960px-%28MHNT%29_Calycanthus_floridus_-_Les_Martels%2C_Giroussens_Tarn.jpg
Fothergilla,Fothergilla gardenii / F. major,Native Shrub,3-10' x 3-10',Full Sun to Part Shade,Moderate,"Acidic, organic",Spring; white bottlebrush,Yellow/orange/red (excellent),Pollinators,"Native, outstanding fall color + spring bloom","Specimen, mixed border",Low,Yes,6. Native Plants & Shrubs,https://upload.wikimedia.org/wikipedia/commons/thumb/2/26/Fothergilla_gardenii_Flowers_and_Foliage.jpg/960px-Fothergilla_gardenii_Flowers_and_Foliage.jpg
Ninebark,Physocarpus opulifolius,Native Shrub,5-10' x 5-10',Full Sun to Part Shade,Low to Moderate,Very adaptable,Late spring; white/pink clusters,Bronze/yellow,"Pollinators, cover","Native, exfoliating bark, purple-leaf cultivars","Tough screen, restoration, mixed border",Low,Yes,6. Native Plants & Shrubs,https://upload.wikimedia.org/wikipedia/commons/thumb/f/f7/Physocarpus_opulifolius_Arkansas.jpg/960px-Physocarpus_opulifolius_Arkansas.jpg
Red Chokeberry,Aronia arbutifolia,Native Shrub,6-10' x 3-6',Full Sun to Part Shade,Moderate,"Adaptable, tolerates moisture",Spring; white flowers; persistent red fruit,Red,Birds,"Native, persistent red berries","Naturalized hedge, rain garden edges",Low,Yes,6. Native Plants & Shrubs,https://upload.wikimedia.org/wikipedia/commons/c/cc/Choke-Berries-IMG_2431_051013_121714.jpg
Black Chokeberry,Aronia melanocarpa,Native Shrub,3-6' x 3-6',Full Sun to Part Shade,Moderate,"Adaptable, tolerates moisture",Spring; white flowers; black fruit,Red-purple,Birds,"Native, compact, superfruit","Foundation, mass planting",Low,Yes,6. Native Plants & Shrubs,https://upload.wikimedia.org/wikipedia/commons/9/9e/Aronia_melanocarpa_cv_Rubina_P1020524.JPG
Rabbiteye Blueberry,Vaccinium virgatum,Native Shrub,6-12' x 6-12',Full Sun,Moderate,"Acidic, well-drained",Spring bloom; edible blue fruit,"Pollinators, birds","Native, edible landscape, fall color",Edible landscape hedge,Low,Yes,6. Native Plants & Shrubs,https://upload.wikimedia.org/wikipedia/commons/thumb/a/ad/Vaccinium_virgatum.jpg/960px-Vaccinium_virgatum.jpg,
Winterberry,Ilex verticillata,Native Shrub,6-12' x 6-12',Full Sun to Part Shade,Moderate to High,"Acidic, tolerates wet sites",Red berries persist all winter (female),Red-orange berries,Birds,"Native, deciduous holly, stunning winter display","Winter interest, rain gardens",Low,Yes,6. Native Plants & Shrubs,https://upload.wikimedia.org/wikipedia/commons/thumb/1/1d/Ilex_verticillata_fruits_and_foliage_1.JPG/960px-Ilex_verticillata_fruits_and_foliage_1.JPG
Wax Myrtle,Myrica cerifera,Native Shrub,10-20' x 10-20',Full Sun to Part Shade,Low to Moderate,Very adaptable,Evergreen; waxy gray berries,Evergreen,"Birds, cover","Native, deer resistant, aromatic, nitrogen-fixing","Fast screen, foundation",Low,Yes,6. Native Plants & Shrubs,https://upload.wikimedia.org/wikipedia/commons/thumb/c/c2/Starr_031108-0155_Morella_cerifera.jpg/960px-Starr_031108-0155_Morella_cerifera.jpg
Flame Azalea,Rhododendron calendulaceum,Native Shrub,4-8' x 4-8',Part Shade,Moderate,"Acidic, organic, well-drained",May-Jun; orange/yellow/red,Deciduous,Pollinators,"Native, spectacular bloom colors","Woodland garden, specimen",Low,Yes,6. Native Plants & Shrubs,https://upload.wikimedia.org/wikipedia/commons/8/88/Rhododendron_calendulaceum.jpg
Pink Muhly Grass,Muhlenbergia capillaris,Ornamental Grass,2-3' x 2-3',Full Sun to Part Shade,Low to Moderate,"Well-drained, tolerates poor soils",Sep-Nov; spectacular pink to pink-red plumes,Straw/tan winter plumes,Seeds/cover,"Native, drought tolerant, iconic fall display","Massing, borders, winter interest",Low,Yes,7. Ornamental Grasses,https://upload.wikimedia.org/wikipedia/commons/thumb/d/d6/Muhlenbergia_capillaris_001.jpg/960px-Muhlenbergia_capillaris_001.jpg
Switchgrass,Panicum virgatum,Ornamental Grass,3-6' x 2-3',Full Sun to Part Shade,Moderate (adapts wet),"Tolerates clay, moist to wet",Jul-Feb; pink-tinged panicles,Yellow/orange tints,Bird seed in winter,"Native, rain garden grass, strong vertical","Screens, rain gardens, meadows",Low,Yes,7. Ornamental Grasses,https://upload.wikimedia.org/wikipedia/commons/7/7a/Panicum_virgatum.jpg
Big Bluestem,Andropogon gerardii,Ornamental Grass,3-8' x 2-3',Full Sun,Moderate (low once established),"Average to moist, drought tolerant",Late summer; bronze/tan,Rusty tones,Cover/seed,"Native, iconic prairie grass","Back borders, meadow plantings",Low,Yes,7. Ornamental Grasses,https://upload.wikimedia.org/wikipedia/commons/thumb/a/ad/Starr_031118-0122_Andropogon_virginicus.jpg/960px-Starr_031118-0122_Andropogon_virginicus.jpg
Indian Grass,Sorghastrum nutans,Ornamental Grass,3-6' x 2-3',Full Sun,Moderate,"Rich, moist, well-drained",Late summer; golden plumes,Golden tan,Cover/seed,"Native, SC state grass","Meadows, screens, native borders",Low,Yes,7. Ornamental Grasses,https://upload.wikimedia.org/wikipedia/commons/thumb/3/39/Sorghastrum_nutans_Tennessee.jpg/960px-Sorghastrum_nutans_Tennessee.jpg
Northern Sea Oats,Chasmanthium latifolium,Ornamental Grass,3-4' x 2-3',Full Sun to Shade,Moderate,"Moist, rich; tolerates drought established",Late summer/fall; dangling oat-like seedheads,Yellowing,"Cover, seed for birds","Native, excellent shade grass, dried arrangements","Shade borders, woodland edges",Low,Yes,7. Ornamental Grasses,https://upload.wikimedia.org/wikipedia/commons/thumb/3/30/Chasmanthium_latifolium_Boyle_Park.jpg/960px-Chasmanthium_latifolium_Boyle_Park.jpg
Japanese Forest Grass,Hakonechloa macra,Ornamental Grass,1-1.5' x 1.5-2',Part Shade,Moderate,"Humus-rich, well-drained, moist",Insignificant,Gold tones,Cover,"Elegant cascading texture, shade lover","Shade edging, containers, underplanting",Low,No,7. Ornamental Grasses,https://upload.wikimedia.org/wikipedia/commons/thumb/d/de/Hakonechloa_macra_%27All_Gold%27_Leaves_2448px.jpg/960px-Hakonechloa_macra_%27All_Gold%27_Leaves_2448px.jpg
Feather Reed Grass,Calamagrostis x acutiflora,Ornamental Grass,3-5' x 2-3',Full Sun,Moderate,"Rich, consistently moist",Late spring/summer; tan plumes,Straw,Nesting cover,"Very upright form, 'Karl Foerster' popular","Vertical accents, rows, screens",Low,No,7. Ornamental Grasses,https://upload.wikimedia.org/wikipedia/commons/thumb/7/79/Calamagrostis_%C3%97_acutiflora_Overdam_2zz.jpg/960px-Calamagrostis_%C3%97_acutiflora_Overdam_2zz.jpg
Korean Feather Reed Grass,Calamagrostis brachytricha,Ornamental Grass,3-4' x 2-3',Part Shade to Full Sun,Moderate,"Moist, well-drained",Fall; pink plumes,Tan,Cover,Better hot-summer tolerance,"Mixed borders, focal mass",Low,No,7. Ornamental Grasses,https://upload.wikimedia.org/wikipedia/commons/thumb/b/bc/Calamagrostis-canadensis1we.jpg/960px-Calamagrostis-canadensis1we.jpg
Little Bluestem,Schizachyrium scoparium,Ornamental Grass,2-3' x 1-2',Full Sun,Low,"Adaptable, well-drained",Inconspicuous; fall interest,Coppery-orange (excellent),Birds (seed/cover),"Native, great fall/winter color, drought tough","Meadows, modern massing, slopes",Low,Yes,7. Ornamental Grasses,https://upload.wikimedia.org/wikipedia/commons/4/45/Andropogon_scoparius.jpg
Side-Oats Grama,Bouteloua curtipendula,Ornamental Grass,2-3' x 1-2',Full Sun,Low,"Sandy to clay, well-drained",Summer; purple/red-tinged spikelets,Straw,Seed/cover,"Native, drought tolerant","Slopes, meadows, naturalistic borders",Low,Yes,7. Ornamental Grasses,https://upload.wikimedia.org/wikipedia/commons/thumb/8/8a/Bouteloua_curtipendula.jpg/960px-Bouteloua_curtipendula.jpg
Liriope (clumping),Liriope muscari,Ornamental Grass,10-18 in. x 12-18 in.,Full Sun to Deep Shade,Low to Moderate,"Moist, well-drained",Jul-Aug; purple/white/pink spikes,Evergreen,Some cover,"Very tough, evergreen edging","Under trees, edging, slopes",Low,No,7. Ornamental Grasses,https://upload.wikimedia.org/wikipedia/commons/thumb/5/56/Liriope_muscari_4.JPG/960px-Liriope_muscari_4.JPG
Mondo Grass,Ophiopogon japonicus,Ornamental Grass,8-16 in. x spreading,Filtered Sun to Shade,Moderate,"Ordinary, prefers moist",Jul-Sep; white/lilac,Evergreen,Cover,Shade-tolerant no-mow look,"Paths/stepping stones, shade groundcover",Low,No,7. Ornamental Grasses,https://upload.wikimedia.org/wikipedia/commons/thumb/3/30/Japonska_ka%C4%8Dja_brada.jpg/960px-Japonska_ka%C4%8Dja_brada.jpg
Fountain Grass,Pennisetum alopecuroides,Ornamental Grass,2-4' x 2-4',Full Sun,Moderate,"Moist, well-drained",Mid-late summer; cream/pink plumes,Tan,Cover,Use with care - can reseed/invasive per Clemson,"Accents, massing (avoid near natural areas)",Low,No,7. Ornamental Grasses,https://upload.wikimedia.org/wikipedia/commons/thumb/0/0a/Pennisetum_alopecuroides_%28Lampenpoetsersgras%29_02.JPG/960px-Pennisetum_alopecuroides_%28Lampenpoetsersgras%29_02.JPG
Prairie Dropseed,Sporobolus heterolepis,Ornamental Grass,2' x 3',Full Sun,Low,Well-drained,Late summer; subtle fragrant,Tan,Cover,"Native, fine texture, fragrant blooms","Paths, edging masses, borders",Low,Yes,7. Ornamental Grasses,https://upload.wikimedia.org/wikipedia/commons/thumb/e/e4/Sporobolus_heterolepis_-_Denver_Botanic_Gardens_-_DSC00886.JPG/960px-Sporobolus_heterolepis_-_Denver_Botanic_Gardens_-_DSC00886.JPG
Dwarf Mondo Grass,Ophiopogon japonicus 'Nanus',Ornamental Grass,2-4 in. x spreading,Part Shade to Shade,Moderate,"Moist, well-drained",Insignificant,Evergreen,Cover,"Very low, between-stone filler","Between pavers, edging, miniature groundcover",Low,No,7. Ornamental Grasses,https://upload.wikimedia.org/wikipedia/commons/thumb/3/30/Japonska_ka%C4%8Dja_brada.jpg/960px-Japonska_ka%C4%8Dja_brada.jpg
Creeping Liriope,Liriope spicata,Ornamental Grass,10-15 in. x spreading,Full Sun to Shade,Low to Moderate,"Moist, well-drained",Summer; lighter spikes,Evergreen,Cover,"Spreads by rhizomes, erosion control","Large groundcover areas, erosion control",Low,No,7. Ornamental Grasses,https://upload.wikimedia.org/wikipedia/commons/thumb/c/c0/Liriope_spicata_2016-07-23_04.jpg/960px-Liriope_spicata_2016-07-23_04.jpg
Purple Coneflower,Echinacea purpurea,Perennial,2-4' x 1.5-2',Full Sun to Part Shade,Moderate (low once established),"Well-drained, evenly moist",Mid-summer-frost; pink/purple/white,Minimal,Pollinators + birds eat seed,"Native, drought tolerant, deer resistant","Meadows, massing, perennial borders",Low,Yes,8. Perennials,https://upload.wikimedia.org/wikipedia/commons/thumb/8/8e/Echinacea_purpurea_Grandview_Prairie.jpg/960px-Echinacea_purpurea_Grandview_Prairie.jpg
Black-Eyed Susan,Rudbeckia fulgida 'Goldsturm',Perennial,2-3' x 1-2',Full Sun,Moderate,"Moist, well-drained, adapts",Jun-Sep; yellow with dark center,Minimal,Pollinators + seed for birds,"Long bloom, tough, native","Massing, rain gardens, late-summer color",Low,Yes,8. Perennials,https://upload.wikimedia.org/wikipedia/commons/thumb/8/80/Rudbeckia_fulgida.JPG/960px-Rudbeckia_fulgida.JPG
Garden Phlox,Phlox paniculata,Perennial,2-4' x 2-3',Full Sun to Part Shade,Moderate to High,"Rich, moist, well-drained",Jul-Sep; white/pink/purple,Minimal,"Butterflies, hummingbirds","Fragrant, choose mildew-resistant cultivars","Back/mid border, cottage gardens",Medium,No,8. Perennials,https://upload.wikimedia.org/wikipedia/commons/3/3d/Phlox_paniculata_eva_cullum.jpeg
Carolina Phlox,Phlox carolina,Perennial,2-3' x 1.5-2',Full Sun to Part Shade,Moderate,"Well-drained, heat tolerant",Late spring-early summer; lavender/pink/white,Minimal,Pollinators,"Native, earlier bloom than garden phlox","Native borders, mixed beds",Low,Yes,8. Perennials,https://upload.wikimedia.org/wikipedia/commons/thumb/f/f4/Floks.jpg/960px-Floks.jpg
Salvia (perennial types),Salvia spp.,Perennial,1-5' x 1-4',Full Sun to Part Shade,Low to Moderate,"Well-drained, slightly acidic",Late spring-frost; blue/purple/red,Minimal,Hummingbirds + pollinators,"Heat/drought tolerant, deer/rabbit resistant","Massing, borders, containers",Low,No,8. Perennials,https://upload.wikimedia.org/wikipedia/commons/5/5a/Salvia_officinalis0.jpg
Autumn Sage,Salvia greggii,Perennial,2-3' x 2-3',Full Sun,Low,Excellent drainage,Summer-fall; many colors,Evergreen-ish,Pollinators,"Long bloom, drought tolerant","Hot borders, pollinator gardens",Low,No,8. Perennials,https://upload.wikimedia.org/wikipedia/commons/thumb/3/36/Salvia_greggii_kz2.jpg/960px-Salvia_greggii_kz2.jpg
Daylily,Hemerocallis hybrids,Perennial,8 in.-5' x 1-3',Full Sun to Part Shade,Low to Moderate,"Slightly acidic, well-drained with organic matter",Late spring-fall (by cultivar); many colors,Minimal,Some pollinator use,"Extremely heat tolerant, many rebloomers","Borders, massing, slopes/erosion",Low,No,8. Perennials,https://upload.wikimedia.org/wikipedia/commons/thumb/6/66/Daylily_%28Hemerocallis_fulva%29_v2.jpg/960px-Daylily_%28Hemerocallis_fulva%29_v2.jpg
Hosta,Hosta spp.,Perennial,1-2.5' x 1-4',Part Shade to Full Shade,Moderate,"Rich, well-drained, consistent moisture",Summer; white/lavender spikes,Minimal,Limited,"Premier shade foliage plant, hundreds of cultivars","Shade beds, under trees, edging",Low,No,8. Perennials,https://upload.wikimedia.org/wikipedia/commons/thumb/7/7d/Hosta_Bressingham_Blue.JPG/960px-Hosta_Bressingham_Blue.JPG
Coral Bells,Heuchera spp.,Perennial,1-2' x 1-2',Morning Sun/Afternoon Shade,Moderate,"Well-drained, avoid heavy clay",Late spring-summer; white/pink/red spikes,Often evergreen foliage,Pollinators,"Outstanding foliage colors, H. villosa best for heat","Shade borders, containers",Low,No,8. Perennials,https://upload.wikimedia.org/wikipedia/commons/thumb/0/0e/San_Gabriel_Mountains_coralbells.jpg/960px-San_Gabriel_Mountains_coralbells.jpg
Sedum / Stonecrop,Hylotelephium (syn. Sedum) spp.,Perennial,1-2' x 1-2',Full Sun,Low,"Very well-drained, tolerates poor soil",Late summer-fall; pink turning rust,Bronzy,Pollinators,"Drought tolerant, winter seedheads","Rock gardens, sunny borders",Low,No,8. Perennials,https://upload.wikimedia.org/wikipedia/commons/thumb/4/4b/Sedum_spectabile_-_blossom_top_%28aka%29.jpg/960px-Sedum_spectabile_-_blossom_top_%28aka%29.jpg
Yarrow,Achillea millefolium,Perennial,1-3' x 1-2',Full Sun,Low,Well-drained,Summer; white/yellow/pink,Minimal,Pollinators,"Heat/drought tolerant, deer resistant","Meadows, borders",Low,No,8. Perennials,https://upload.wikimedia.org/wikipedia/commons/thumb/1/1a/Achillea_millefolium_%28bright%29.jpg/960px-Achillea_millefolium_%28bright%29.jpg
Threadleaf Coreopsis,Coreopsis verticillata,Perennial,1-2.5' x 1.5-2',Full Sun,Low to Moderate,Well-drained,Early summer-fall; yellow,Minimal,Pollinators,"Long bloom, native, airy texture","Massing, sunny beds",Low,Yes,8. Perennials,https://upload.wikimedia.org/wikipedia/commons/thumb/1/1e/Coreopsisgigantea.jpg/960px-Coreopsisgigantea.jpg
Blazing Star,Liatris spicata,Perennial,2-4' x 1-1.5',Full Sun,Moderate,"Well-drained, tolerates clay",Summer; purple/magenta spikes,Minimal,Butterflies,"Native, vertical accent, top-down bloom","Pollinator borders, cut flowers",Low,Yes,8. Perennials,https://upload.wikimedia.org/wikipedia/commons/thumb/1/12/Liatris_spicata_003.JPG/960px-Liatris_spicata_003.JPG
Butterfly Weed,Asclepias tuberosa,Perennial,1-3' x 1-2',Full Sun,Low,Very well-drained,Summer; orange,Minimal,Monarch host + nectar,"Native, drought tolerant, deer resistant",Native/pollinator gardens,Low,Yes,8. Perennials,https://upload.wikimedia.org/wikipedia/commons/thumb/2/26/Asclepias_tuberosa_interior.jpg/960px-Asclepias_tuberosa_interior.jpg
Bee Balm,Monarda spp.,Perennial,2-4' x 2-3',Full Sun to Part Shade,Moderate,"Moist, well-drained",Summer; red/pink/purple,Minimal,Pollinators,"Native, fragrant foliage, can mildew","Cottage gardens, pollinator beds",Medium,Yes,8. Perennials,https://upload.wikimedia.org/wikipedia/commons/thumb/3/3f/Monarda_clinopodia_inflorescence.jpg/960px-Monarda_clinopodia_inflorescence.jpg
Catmint,Nepeta x faassenii,Perennial,1-2' x 2-3',Full Sun,Low,Well-drained,Late spring-summer; lavender-blue,Minimal,Pollinators,"Aromatic, heat tolerant, deer resistant","Edging, massing",Low,No,8. Perennials,https://upload.wikimedia.org/wikipedia/commons/thumb/3/3f/Nepeta_faassenii6.jpg/960px-Nepeta_faassenii6.jpg
False Indigo,Baptisia australis,Perennial,3-4' x 3-4',Full Sun,Low,Well-drained,Spring; blue,Black seedpods,Pollinators,"Native, very long-lived, deep roots","Specimen, native borders",Low,Yes,8. Perennials,https://upload.wikimedia.org/wikipedia/commons/thumb/d/d5/Baptisia_australis.jpg/960px-Baptisia_australis.jpg
Bearded Iris,Iris germanica,Perennial,1.5-3' x 1-2',Full Sun,Low to Moderate,Excellent drainage,Spring; many colors,Minimal,Some pollinators,"Deer resistant, avoid wet soil","Sunny borders, classic perennial beds",Medium,No,8. Perennials,https://upload.wikimedia.org/wikipedia/commons/thumb/c/cc/Iris_%C3%97_germanica_%27Before_the_Storm%27_Flower.jpg/960px-Iris_%C3%97_germanica_%27Before_the_Storm%27_Flower.jpg
Hellebore / Lenten Rose,Helleborus x hybridus,Perennial,1-2' x 1-2',Part Shade to Shade,Moderate,Well-drained + organic matter,Late winter-spring; many colors,Evergreen,Early pollinators,"Evergreen, deer resistant, winter bloom","Shade borders, winter interest",Low,No,8. Perennials,https://upload.wikimedia.org/wikipedia/commons/thumb/6/69/Bloem_van_een_kerstroos_%28Helleborus_niger%29_16-12-2021._%28d.j.b%29_02.jpg/960px-Bloem_van_een_kerstroos_%28Helleborus_niger%29_16-12-2021._%28d.j.b%29_02.jpg
Creeping Phlox,Phlox subulata,Perennial,3-6 in. x 1-2',Full Sun,Low,Very well-drained,Early spring; pink/white/purple/blue,Evergreen mats,Early pollinators,"Erosion control, drought tolerant","Slopes, rock gardens, edging",Low,No,8. Perennials,https://upload.wikimedia.org/wikipedia/commons/thumb/2/20/Shibazakura.JPG/960px-Shibazakura.JPG
Lantana,Lantana spp.,Annual,1-4' x 2-5',Full Sun,Low to Moderate,Well-drained,Late spring-frost; multicolor clusters,N/A,Butterflies,"Heat-proof, drought tolerant","Beds, slopes, containers",Low,No,9. Annuals,https://upload.wikimedia.org/wikipedia/commons/thumb/5/52/LantanaFlowerLeaves.jpg/960px-LantanaFlowerLeaves.jpg
Pentas,Pentas lanceolata,Annual,1-3' x 1-2',Full Sun to Part Shade,Moderate,Well-drained,Summer-frost; red/pink/white/purple,N/A,Butterflies,Great continuous bloom in heat,"Beds, pollinator pots",Low,No,9. Annuals,https://upload.wikimedia.org/wikipedia/commons/thumb/9/9a/Penta.JPG/960px-Penta.JPG
Zinnia,Zinnia spp.,Annual,1-4' x 1-2',Full Sun,Moderate,Well-drained,Summer-frost; many colors,N/A,Butterflies,"Very fast color, excellent cut flower","Cutting gardens, beds",Low,No,9. Annuals,https://upload.wikimedia.org/wikipedia/commons/thumb/a/ac/Zinnia_single_layer_and_12_Petals_2.jpg/960px-Zinnia_single_layer_and_12_Petals_2.jpg
Annual Vinca,Catharanthus roseus,Annual,10-18 in. x 10-18 in.,Full Sun,Low to Moderate,"Well-drained, tolerates poor soil",Summer-frost; pink/white/red,N/A,Some,"Handles extreme heat, avoid soggy soil","Massing, edging",Low,No,9. Annuals,https://upload.wikimedia.org/wikipedia/commons/thumb/c/ce/Catharanthus_roseus_%28Pink_Madagascar_Periwinkle%29.jpg/960px-Catharanthus_roseus_%28Pink_Madagascar_Periwinkle%29.jpg
Angelonia,Angelonia angustifolia,Annual,1-2.5' x 1-2',Full Sun,Moderate,Well-drained,Summer-frost; purple/pink/white,N/A,Pollinators,"Excellent in humidity, heat-proof","Borders, containers",Low,No,9. Annuals,https://upload.wikimedia.org/wikipedia/commons/a/af/Summersnapdragon.jpg
Globe Amaranth,Gomphrena globosa,Annual,1-2' x 1-2',Full Sun,Low to Moderate,Well-drained,Summer-frost; purple/pink/white,N/A,Pollinators,Great dried flowers,"Beds, cut/dry arrangements",Low,No,9. Annuals,https://upload.wikimedia.org/wikipedia/commons/thumb/1/18/Gomphrena_globosa_All_Around_Purple_1zz.jpg/960px-Gomphrena_globosa_All_Around_Purple_1zz.jpg
Portulaca,Portulaca grandiflora,Annual,4-10 in. x 1-2',Full Sun,Low,"Sandy, very well-drained",Summer; bright mixed colors,N/A,Some,Thrives in heat/drought,"Rock gardens, hot edges",Low,No,9. Annuals,https://upload.wikimedia.org/wikipedia/commons/thumb/9/98/PortulacaGrandiflora.jpg/960px-PortulacaGrandiflora.jpg
Fan Flower,Scaevola aemula,Annual,8-18 in. x 1-2',Full Sun to Part Shade,Moderate,Well-drained,Summer-frost; blue/purple/white,N/A,Pollinators,Outstanding trailing annual,"Hanging baskets, edges",Low,No,9. Annuals,https://upload.wikimedia.org/wikipedia/commons/thumb/3/3e/Scaevola_aemula_Botanical_Garden_Heidelberg.JPG/960px-Scaevola_aemula_Botanical_Garden_Heidelberg.JPG
Verbena,Verbena spp.,Annual,6-18 in. x 2-3',Full Sun,Moderate,Well-drained,Summer-frost; purple/pink/red/white,N/A,Butterflies,"Long bloom, good trailing forms","Containers, borders",Low,No,9. Annuals,https://upload.wikimedia.org/wikipedia/commons/3/38/Eisenkraut%2C_Passau.JPG
Celosia,Celosia argentea,Annual,1-3' x 1-2',Full Sun,Moderate,Well-drained,Summer-fall; red/yellow/orange/pink,N/A,Some,Bold unique texture,Focal annual beds,Low,No,9. Annuals,https://upload.wikimedia.org/wikipedia/commons/thumb/4/4d/Celosia_argentea_flowering_q1.jpg/960px-Celosia_argentea_flowering_q1.jpg
Blue Daze,Evolvulus glomeratus,Annual,6-18 in. x 2-3',Full Sun,Moderate,Well-drained,Summer-frost; true blue flowers,N/A,Some,Heat tolerant groundcover annual,"Edges, containers",Low,No,9. Annuals,https://upload.wikimedia.org/wikipedia/commons/thumb/a/a6/Evolvulus_glomeratus_%22Blue_Daze%22.jpg/960px-Evolvulus_glomeratus_%22Blue_Daze%22.jpg
Mexican Heather,Cuphea hyssopifolia,Annual,1-2' x 1-2',Full Sun to Part Shade,Moderate,Well-drained,Summer-frost; lavender/pink/white,N/A,Pollinators,"Fine texture, steady bloom","Borders, low hedging",Low,No,9. Annuals,https://upload.wikimedia.org/wikipedia/commons/thumb/6/63/Cuphea_hyssopifolia.jpg/960px-Cuphea_hyssopifolia.jpg
Marigold,Tagetes spp.,Annual,6-24 in. x 6-18 in.,Full Sun,Moderate,Well-drained,Summer-frost; yellow/orange,N/A,Some,"Tough, easy, pest-deterring","Edging, beds",Low,No,9. Annuals,https://upload.wikimedia.org/wikipedia/commons/thumb/b/b0/Tagetes_erecta_chendumalli_chedi.jpg/960px-Tagetes_erecta_chendumalli_chedi.jpg
Sunflower,Helianthus annuus,Annual,2-8' x 1-2',Full Sun,Moderate,Average,Summer; yellow/red/bicolor,N/A,Bird seed,"Big impact, easy","Back borders, cutting",Low,No,9. Annuals,https://upload.wikimedia.org/wikipedia/commons/thumb/4/40/Sunflower_sky_backdrop.jpg/960px-Sunflower_sky_backdrop.jpg
Cosmos,Cosmos spp.,Annual,2-5' x 1-2',Full Sun,Low to Moderate,Average to lean,Summer-fall; pink/white/orange,N/A,Pollinators,"Airy texture, easy","Cottage beds, cutting",Low,No,9. Annuals,https://upload.wikimedia.org/wikipedia/commons/thumb/1/15/The_Nights_Long_Moments_%28152181573%29.jpeg/960px-The_Nights_Long_Moments_%28152181573%29.jpeg
Coleus,Coleus (syn. Solenostemon),Annual,1-3' x 1-2',Part Shade to Full Sun (by cultivar),Moderate,"Rich, well-drained",Grown for foliage color,Excellent foliage color,Minimal,Best summer shade foliage color,"Shade beds, containers",Low,No,9. Annuals,https://upload.wikimedia.org/wikipedia/commons/thumb/1/1b/Leaf_-pani_koorkka.JPG/960px-Leaf_-pani_koorkka.JPG
Caladium,Caladium spp.,Annual,1-2' x 1-2',Part Shade to Shade,Moderate,"Rich, moist, well-drained",Foliage plant; bold tropical leaves,Bold leaf patterns,Minimal,"Heat-loving shade plant, tropical look","Shade massing, pots",Low,No,9. Annuals,https://upload.wikimedia.org/wikipedia/commons/thumb/f/f1/Caladium_schomburgkii_changjur-1-yercaud-salem-India.JPG/960px-Caladium_schomburgkii_changjur-1-yercaud-salem-India.JPG
Begonia (Wax/Dragon Wing),Begonia spp.,Annual,10-24 in. x 12-24 in.,Part Shade to Full Sun,Moderate,Well-drained,Summer-frost; pink/red/white,N/A,Minimal,Excellent humidity tolerance,"Shade borders, containers",Low,No,9. Annuals,https://upload.wikimedia.org/wikipedia/commons/f/fb/Begonia_obliqua00.jpg
Sweet Potato Vine,Ipomoea batatas,Annual,Trailing 2-6',Full Sun to Part Shade,Moderate,"Average, well-drained",Foliage plant,Chartreuse/purple foliage,Minimal,Fast spiller/trailer,"Containers, edges",Low,No,9. Annuals,https://upload.wikimedia.org/wikipedia/commons/thumb/3/3d/Ipomoea_pes-tigridis%2C_Corbett_TR%2C_September_2013._AJT_Johnsingh._DSCN8264.jpg/960px-Ipomoea_pes-tigridis%2C_Corbett_TR%2C_September_2013._AJT_Johnsingh._DSCN8264.jpg
Salvia (bedding types),Salvia splendens / farinacea,Annual,1-3' x 1-2',Full Sun to Part Shade,Moderate,Well-drained,Summer-frost; red/blue/purple/white,N/A,Hummingbirds,Very reliable in heat,"Massing, containers",Low,No,9. Annuals,https://upload.wikimedia.org/wikipedia/commons/thumb/7/70/Mudas_de_alegrias-de-jardim%2C_ou_s%C3%A1lvia_01.jpg/960px-Mudas_de_alegrias-de-jardim%2C_ou_s%C3%A1lvia_01.jpg
Creeping Phlox,Phlox subulata,Ground Cover,6 in. x 24 in.,Full Sun to Part Shade,Low to Moderate,Well-drained,Early spring; pink/purple/white,Evergreen mats,Pollinators,"Erosion control, drought tolerant","Slopes, rock walls, sunny edging",Low,No,10. Ground Covers,https://upload.wikimedia.org/wikipedia/commons/thumb/2/20/Shibazakura.JPG/960px-Shibazakura.JPG
Ajuga / Bugleweed,Ajuga reptans,Ground Cover,4-8 in. x spreading,Full Sun to Shade,Moderate,"Moist, humusy, well-drained",Spring; blue spikes,Semi-evergreen,Pollinators,"Fast cover, bronze/purple foliage cultivars","Under trees, slopes, between shrubs",Low,No,10. Ground Covers,https://upload.wikimedia.org/wikipedia/commons/thumb/6/65/Ajuga_reptans_20070429_132711_1.jpg/960px-Ajuga_reptans_20070429_132711_1.jpg
Japanese Pachysandra,Pachysandra terminalis,Ground Cover,8-12 in. x colonies,Part Shade to Shade,Moderate,"Organic-rich, well-drained",Early spring; small white,Evergreen,Low,Dense evergreen carpet,"Deep shade beds, under trees",Low,No,10. Ground Covers,https://upload.wikimedia.org/wikipedia/commons/5/56/Pachysandra_terminalis0.jpg
Allegheny Spurge,Pachysandra procumbens,Ground Cover,6-12 in. x slowly spreading,Part Shade to Shade,Moderate,"Organic-rich, acidic to neutral",Spring; fragrant,Semi-evergreen,Early pollinators,"Native, alternative to Japanese pachysandra",Woodland shade groundcover,Low,Yes,10. Ground Covers,https://upload.wikimedia.org/wikipedia/commons/thumb/5/54/Alleghany_Pachysandra_Pachysandra_procumbens_Plants_3008px.JPG/960px-Alleghany_Pachysandra_Pachysandra_procumbens_Plants_3008px.JPG
Asian Star Jasmine,Trachelospermum asiaticum,Ground Cover,12-18 in. x spreading,Full Sun to Part Shade,Moderate to Low,"Adaptable, well-drained",Summer; small creamy flowers,Evergreen,Pollinators,Tough evergreen mat,"Large areas, slopes, tough banks",Low,No,10. Ground Covers,https://upload.wikimedia.org/wikipedia/commons/thumb/8/83/Trachelospermum_asiaticum_kz2.jpg/960px-Trachelospermum_asiaticum_kz2.jpg
Leadwort / Plumbago,Ceratostigma plumbaginoides,Ground Cover,6-12 in. x spreading,Full Sun to Part Shade,Moderate,Well-drained,Late summer-fall; deep cobalt blue,Reddish fall color,Pollinators,"Late-season blue flowers, fall color","Border fronts, bulb companion",Low,No,10. Ground Covers,https://upload.wikimedia.org/wikipedia/commons/b/b4/Leadwort%2C_Hardy_Blue_Plumbago_%28Ceratostigma_plumbaginoides%29.jpg
Green-and-Gold,Chrysogonum virginianum,Ground Cover,4-12 in. x spreading,Part Shade to Shade,Moderate,"Average soil, consistent moisture",Spring; yellow daisies,Semi-evergreen,Pollinators,"Native, great shade groundcover","Woodland edges, shade beds",Low,Yes,10. Ground Covers,https://upload.wikimedia.org/wikipedia/commons/thumb/4/4d/Green_and_Gold_Chrysogonum_virginianum_Flower_3008.jpg/960px-Green_and_Gold_Chrysogonum_virginianum_Flower_3008.jpg
Barrenwort,Epimedium spp.,Ground Cover,6-18 in. x spreading,Shade to Part Shade,Moderate to Low,Organic; tolerates dry shade,Spring; delicate yellow/red/white,Semi-evergreen,Early pollinators,One of best dry-shade groundcovers,"Under trees, shade borders",Low,No,10. Ground Covers,https://upload.wikimedia.org/wikipedia/commons/thumb/2/2a/Elfenblume_%28Epimedium_x_versicolor%29.jpg/960px-Elfenblume_%28Epimedium_x_versicolor%29.jpg
Sweet Woodruff,Galium odoratum,Ground Cover,6-12 in. x spreading,Shade to Part Shade,Moderate,"Organic-rich, moist",Spring; tiny white,Deciduous,Pollinators,Fragrant foliage when crushed,"Woodland carpets, shade filler",Low,No,10. Ground Covers,https://upload.wikimedia.org/wikipedia/commons/thumb/3/32/Waldmeister%28Mai%29.JPG/960px-Waldmeister%28Mai%29.JPG
Cast Iron Plant,Aspidistra elatior,Ground Cover,1-2.5' x spreading,Shade to Deep Shade,Moderate to Low,Very adaptable,Insignificant,Evergreen,Low,Extremely tough deep-shade plant,Deep shade structure plant,Low,No,10. Ground Covers,https://upload.wikimedia.org/wikipedia/commons/thumb/f/fc/Aspidistra_elatior1.jpg/960px-Aspidistra_elatior1.jpg
Creeping Thyme,Thymus serpyllum,Ground Cover,1-4 in. x spreading,Full Sun,Low,"Very well-drained, lean",Summer; pink/purple,Semi-evergreen,Pollinators,"Aromatic, tolerates light foot traffic","Between pavers, sunny edges",Low,No,10. Ground Covers,https://upload.wikimedia.org/wikipedia/commons/1/18/Thymus_serpyllum1.jpg
Mondo Grass,Ophiopogon japonicus,Ground Cover,4-12 in. x spreading,Filtered Sun to Shade,Moderate,"Ordinary, prefers moist",Jul-Sep; white/lilac,Evergreen,Cover,Shade-tolerant no-mow look,"Paths, stepping stones, shade groundcover",Low,No,10. Ground Covers,https://upload.wikimedia.org/wikipedia/commons/thumb/3/30/Japonska_ka%C4%8Dja_brada.jpg/960px-Japonska_ka%C4%8Dja_brada.jpg
Liriope,Liriope muscari,Ground Cover,10-18 in. x 12-18 in.,Full Sun to Deep Shade,Low to Moderate,"Moist, well-drained",Jul-Aug; purple/white/pink,Evergreen,Some cover,"Very tough, evergreen","Under trees, edging, slopes",Low,No,10. Ground Covers,https://upload.wikimedia.org/wikipedia/commons/thumb/5/56/Liriope_muscari_4.JPG/960px-Liriope_muscari_4.JPG
Partridgeberry,Mitchella repens,Ground Cover,1-2 in. mat x spreading,Shade to Part Shade,Moderate,"Acidic, organic, moist",Spring; small white/pink; red berries,Evergreen,"Birds, small wildlife","Native, tiny evergreen creeper",Woodland groundcover,Low,Yes,10. Ground Covers,https://upload.wikimedia.org/wikipedia/commons/thumb/d/d5/Mitchella_repens_Partridge_berry_Norfolk_Connecticut_05112019.jpg/960px-Mitchella_repens_Partridge_berry_Norfolk_Connecticut_05112019.jpg
Wild Ginger,Asarum canadense,Ground Cover,6-10 in. x spreading,Shade,Moderate,"Organic, moist, well-drained",Spring; hidden brown flowers,Deciduous,Habitat,"Native, dense shade cover, heart-shaped leaves",Understory filler,Low,Yes,10. Ground Covers,https://upload.wikimedia.org/wikipedia/commons/thumb/2/2d/Asarum_canadense_-_Wild_Ginger.jpg/960px-Asarum_canadense_-_Wild_Ginger.jpg
Carolina Jessamine,Gelsemium sempervirens,Vine,10-20'+ (vine),Full Sun to Part Shade,Moderate to Low,"Rich, well-drained, adaptable",Late winter-spring; fragrant yellow trumpets,Evergreen,"Butterflies, pollinators","Native, SC state flower, deer resistant, POISONOUS","Trellis, arbor, porch cover, slopes",Low,Yes,11. Vines & Climbers,https://upload.wikimedia.org/wikipedia/commons/thumb/f/fa/Gelsemium_sempervirens3.jpg/960px-Gelsemium_sempervirens3.jpg
Crossvine,Bignonia capreolata,Vine,50-60',Full Sun to Part Shade,Moderate,"Average, well-drained",Spring; orange/orange-red trumpets,Semi-evergreen,"Hummingbirds, pollinators","Native, adhesive disks, deer resistant","Screens, fences, arbors",Low,Yes,11. Vines & Climbers,https://upload.wikimedia.org/wikipedia/commons/thumb/7/7b/Bignonia_capreolata_Arkansas.jpg/960px-Bignonia_capreolata_Arkansas.jpg
Trumpet Creeper,Campsis radicans,Vine,30'+ (very vigorous),Full Sun,Moderate to Low,Adaptable,Summer; orange trumpets,Deciduous,Hummingbirds,"Native, can sucker/spread aggressively",Large structures only,Medium,Yes,11. Vines & Climbers,https://upload.wikimedia.org/wikipedia/commons/thumb/6/69/Campsis-radicans-20080402.JPG/960px-Campsis-radicans-20080402.JPG
Coral Honeysuckle,Lonicera sempervirens,Vine,15',Full Sun to Part Shade,Moderate,"Humus-rich, well-drained",Late spring; red/orange trumpets; berries,Semi-evergreen,"Hummingbirds, birds","Native, better behaved than invasive honeysuckles","Trellis, fences",Low,Yes,11. Vines & Climbers,https://upload.wikimedia.org/wikipedia/commons/thumb/c/c6/Lonicera_sempervirens_close.jpg/960px-Lonicera_sempervirens_close.jpg
American Wisteria,Wisteria frutescens,Vine,25-30',Full Sun,Moderate,"Fertile, well-drained",Spring; lavender clusters,Deciduous,Pollinators,"Native, preferred over invasive Asian wisterias","Pergolas, stout arbors",Medium,Yes,11. Vines & Climbers,https://upload.wikimedia.org/wikipedia/commons/thumb/0/07/Chinese_Wisteria_Bl%C3%BCtentrauben.JPG/960px-Chinese_Wisteria_Bl%C3%BCtentrauben.JPG
Virginia Creeper,Parthenocissus quinquefolia,Vine,30-50',Full Sun to Shade,Moderate to Low,Adaptable,Inconspicuous; blue berries,Brilliant red fall color,Birds eat berries,"Native, fast cover, brilliant fall color","Fast cover, fences",Low,Yes,11. Vines & Climbers,https://upload.wikimedia.org/wikipedia/commons/thumb/5/5a/Parthenocissus_quinquefolia_fructis.jpg/960px-Parthenocissus_quinquefolia_fructis.jpg
Passionflower / Maypop,Passiflora incarnata,Vine,10-15',Full Sun to Part Shade,Moderate to Low,"Average, well-drained",Summer; white/purple exotic flowers,Deciduous (dies back),"Butterflies, pollinators","Native, edible fruit, fritillary larval host","Trellis, native/pollinator gardens",Low,Yes,11. Vines & Climbers,https://upload.wikimedia.org/wikipedia/commons/e/e5/OQ_Passion_flower.jpg
Clematis (large-flowered),Clematis spp.,Vine,5-20',Full Sun to Part Shade,Moderate,"Loamy, well-drained (cool roots)",Spring/summer (cultivar dependent); many colors,Deciduous,Pollinators,"Cool roots/sunny top, many cultivar choices","Trellises, pair with shrubs",Medium,No,11. Vines & Climbers,https://upload.wikimedia.org/wikipedia/commons/thumb/7/70/Clematis_%27Nelly_Moser%27.JPG/960px-Clematis_%27Nelly_Moser%27.JPG
Virgin's Bower Clematis,Clematis virginiana,Vine,12-20',Full Sun to Part Shade,Moderate to High,"Average to wet, well-drained","Late summer-fall; small white, fragrant",Deciduous,Pollinators,"Native, not invasive like sweet autumn clematis","Naturalized edges, fences",Low,Yes,11. Vines & Climbers,https://upload.wikimedia.org/wikipedia/commons/thumb/7/70/Clematis_%27Nelly_Moser%27.JPG/960px-Clematis_%27Nelly_Moser%27.JPG
Confederate Jasmine,Trachelospermum jasminoides,Vine,to 20',Full Sun to Part Shade,Moderate,"Moist, well-drained, organic",Late spring; very fragrant white,Evergreen,Bees,Choose 'Madison' cultivar for Upstate cold hardiness,"Porches, trellises, entry fragrance",Low,No,11. Vines & Climbers,https://upload.wikimedia.org/wikipedia/commons/6/6a/Trachelospermum_jasminoides_-_01.jpg
Climbing Hydrangea (native Woodvamp),Decumaria barbara,Vine,to 60',Full Sun to Part Shade,Moderate,"Fertile, moist, well-drained",Summer; white clusters,Semi-evergreen,"Bees, butterflies","Native, clinging vine","Shady walls, trees (managed)",Low,Yes,11. Vines & Climbers,https://upload.wikimedia.org/wikipedia/commons/d/d5/Decumaria_barbara_BB-1913.jpg
Coral Honeysuckle 'Major Wheeler',Lonicera sempervirens 'Major Wheeler',Vine,10-15',Full Sun to Part Shade,Moderate,Well-drained,Spring-fall; prolific red trumpets,Semi-evergreen,Hummingbirds,"Native cultivar, heavy bloomer, non-invasive","Trellis, mailbox, fence",Low,Yes,11. Vines & Climbers,https://upload.wikimedia.org/wikipedia/commons/thumb/c/c6/Lonicera_sempervirens_close.jpg/960px-Lonicera_sempervirens_close.jpg
Carolina Jessamine,Gelsemium sempervirens,Vine,10-20'+,Full Sun to Part Shade,Moderate to Low,"Well-drained, adaptable",Late winter-spring; yellow,Evergreen,Pollinators,"Native, deer/rabbit resistant, poisonous","Trellis, slopes, foundation",Low,Yes,12. Deer Resistant,https://upload.wikimedia.org/wikipedia/commons/thumb/f/fa/Gelsemium_sempervirens3.jpg/960px-Gelsemium_sempervirens3.jpg
Crossvine,Bignonia capreolata,Vine,50'+,Full Sun to Part Shade,Moderate,Well-drained,Spring; orange-red,Semi-evergreen,Hummingbirds,"Native, deer resistant","Screens, fences",Low,Yes,12. Deer Resistant,https://upload.wikimedia.org/wikipedia/commons/thumb/7/7b/Bignonia_capreolata_Arkansas.jpg/960px-Bignonia_capreolata_Arkansas.jpg
Loropetalum,Loropetalum chinense var. rubrum,Evergreen Shrub,3-15' x 3-15',Full Sun to Part Shade,Low to Moderate,Well-drained,Feb-Apr; pink/magenta,"Evergreen, purple foliage",Pollinators,"Highly deer resistant, evergreen","Foundation, hedge, accent",Low,No,12. Deer Resistant,https://upload.wikimedia.org/wikipedia/commons/b/b6/Loropetalum-chinensis-rubrum.jpg
Boxwood,Buxus spp.,Evergreen Shrub,2-6' x 2-6',Part Shade,Moderate,Well-drained,Evergreen form,Evergreen,Cover,"Deer resistant, formal structure","Hedges, edging, containers",Medium,No,12. Deer Resistant,https://upload.wikimedia.org/wikipedia/commons/thumb/f/fd/Buxus_sempervirens.jpg/960px-Buxus_sempervirens.jpg
Cast Iron Plant,Aspidistra elatior,Ground Cover,1-2.5',Shade to Deep Shade,Moderate to Low,Adaptable,Minor,Evergreen,Low,"Nearly indestructible, deer resistant",Deep shade structure,Low,No,12. Deer Resistant,https://upload.wikimedia.org/wikipedia/commons/thumb/f/fc/Aspidistra_elatior1.jpg/960px-Aspidistra_elatior1.jpg
Christmas Fern,Polystichum acrostichoides,Perennial,1-2',Part Shade to Shade,Moderate,"Organic-rich, well-drained",Non-flowering (fern),Evergreen,Cover habitat,"Native, evergreen fern, deer resistant",Woodland plantings,Low,Yes,12. Deer Resistant,https://upload.wikimedia.org/wikipedia/commons/5/57/Polystichum_setiferum0.jpg
Autumn Fern,Dryopteris erythrosora,Perennial,1-3',Part Shade to Shade,Moderate to Low,"Organic, well-drained",Non-flowering (fern),Semi-evergreen,Cover habitat,"Coppery new fronds, deer resistant",Shade borders,Low,No,12. Deer Resistant,https://upload.wikimedia.org/wikipedia/commons/4/40/Dryopteris_filix_mas_nf.jpg
Yarrow,Achillea spp.,Perennial,1-3',Full Sun to Part Shade,Low,Well-drained,"Summer; flat umbels, many colors",Minimal,Pollinators,"Drought-tough, deer resistant","Meadows, borders",Low,No,12. Deer Resistant,https://upload.wikimedia.org/wikipedia/commons/thumb/f/fb/Achillea_millefolium.jpg/960px-Achillea_millefolium.jpg
Russian Sage,Perovskia atriplicifolia,Perennial,3-5',Full Sun,Low,Well-drained,Summer; lavender-blue,Minimal,Pollinators,"Heat/drought tolerant, deer resistant",Sunny borders,Low,No,12. Deer Resistant,https://upload.wikimedia.org/wikipedia/commons/thumb/5/51/Perovskia_atriplicifolia_3.jpg/960px-Perovskia_atriplicifolia_3.jpg
Lamb's Ear,Stachys byzantina,Perennial,6-8 in. foliage,Full Sun to Part Shade,Low to Moderate,Well-drained,Late spring; purple spikes,Silver foliage,Pollinators,"Silvery texture, deer resistant","Edging, sensory gardens",Low,No,12. Deer Resistant,https://upload.wikimedia.org/wikipedia/commons/thumb/3/34/20130703Stachys_sylvatica1.jpg/960px-20130703Stachys_sylvatica1.jpg
Purple Coneflower,Echinacea purpurea,Perennial,2-4',Full Sun,Moderate to Low,Well-drained,Summer; purple daisies,Minimal,"Pollinators, birds","Native, tough, deer resistant","Sunny borders, pollinator beds",Low,Yes,12. Deer Resistant,https://upload.wikimedia.org/wikipedia/commons/thumb/8/8e/Echinacea_purpurea_Grandview_Prairie.jpg/960px-Echinacea_purpurea_Grandview_Prairie.jpg
Butterfly Weed,Asclepias tuberosa,Perennial,1-3',Full Sun,Low,Well-drained,Summer; orange,Minimal,Monarch host,"Native, deer resistant, drought tolerant",Pollinator gardens,Low,Yes,12. Deer Resistant,https://upload.wikimedia.org/wikipedia/commons/thumb/2/26/Asclepias_tuberosa_interior.jpg/960px-Asclepias_tuberosa_interior.jpg
Hellebore / Lenten Rose,Helleborus x hybridus,Perennial,1-2',Part Shade to Shade,Moderate,Well-drained + organic,Late winter-spring; many colors,Evergreen,Early pollinators,"Deer resistant, winter bloom, evergreen","Shade borders, winter interest",Low,No,12. Deer Resistant,https://upload.wikimedia.org/wikipedia/commons/thumb/6/69/Bloem_van_een_kerstroos_%28Helleborus_niger%29_16-12-2021._%28d.j.b%29_02.jpg/960px-Bloem_van_een_kerstroos_%28Helleborus_niger%29_16-12-2021._%28d.j.b%29_02.jpg
Catmint,Nepeta x faassenii,Perennial,1-2' x 2-3',Full Sun,Low,Well-drained,Late spring-summer; lavender-blue,Minimal,Pollinators,"Aromatic, highly deer resistant","Edging, massing",Low,No,12. Deer Resistant,https://upload.wikimedia.org/wikipedia/commons/thumb/3/3f/Nepeta_faassenii6.jpg/960px-Nepeta_faassenii6.jpg
Yaupon Holly,Ilex vomitoria,Evergreen Shrub,3-15',Full Sun to Part Shade,Low to Moderate,Adaptable,Red berries on females,Evergreen,Birds,"Native, highly deer resistant","Screen, specimen",Low,Yes,12. Deer Resistant,https://upload.wikimedia.org/wikipedia/commons/thumb/5/53/Ilex_vomitoria.jpg/960px-Ilex_vomitoria.jpg
Creeping Phlox,Phlox subulata,Ground Cover,6 in. x 24 in.,Full Sun,Low,Very well-drained,Spring; pink/white/purple,Evergreen,Pollinators,"Drought tolerant, slopes","Slopes, rock gardens",Low,No,13. Drought Tolerant,https://upload.wikimedia.org/wikipedia/commons/thumb/2/20/Shibazakura.JPG/960px-Shibazakura.JPG
Sedum / Stonecrop,Sedum spp.,Perennial,3-24 in.,Full Sun,Low,"Very well-drained, lean",Summer/fall; pink/yellow/white,Varies,Pollinators,"Succulent, extremely drought tolerant","Hot edges, rock beds",Low,No,13. Drought Tolerant,https://upload.wikimedia.org/wikipedia/commons/thumb/1/1c/Sedum_acre_single_-_Niitv%C3%A4lja.jpg/960px-Sedum_acre_single_-_Niitv%C3%A4lja.jpg
Creeping Thyme,Thymus serpyllum,Ground Cover,1-4 in.,Full Sun,Low,Very well-drained,Summer; pink/purple,Semi-evergreen,Pollinators,"Aromatic, drought tolerant stepper","Pavers, edging",Low,No,13. Drought Tolerant,https://upload.wikimedia.org/wikipedia/commons/1/18/Thymus_serpyllum1.jpg
Lantana,Lantana spp.,Annual/Perennial,1-3'+,Full Sun,Low,Well-drained,Summer-frost; multicolor,N/A,Butterflies,"Heat lover, drought tolerant","Hot beds, containers",Low,No,13. Drought Tolerant,https://upload.wikimedia.org/wikipedia/commons/thumb/5/52/LantanaFlowerLeaves.jpg/960px-LantanaFlowerLeaves.jpg
Lavender,Lavandula spp.,Perennial,1-3',Full Sun,Low,"Well-drained, lean",Summer; purple/blue spikes,Silver-green,Pollinators,"Fragrant, drought tolerant","Sunny borders, herb gardens",Low,No,13. Drought Tolerant,https://upload.wikimedia.org/wikipedia/commons/thumb/7/7e/Single_lavender_flower02.jpg/960px-Single_lavender_flower02.jpg
Yucca,Yucca spp.,Perennial,2-10',Full Sun,Low,"Dry, well-drained",Summer; tall white spikes,Evergreen,Pollinators,"Architectural, extremely drought tolerant","Xeriscape accents, modern gardens",Low,No,13. Drought Tolerant,https://upload.wikimedia.org/wikipedia/commons/thumb/5/5e/Yucca_elata_-_tmcelrath_01.jpg/960px-Yucca_elata_-_tmcelrath_01.jpg
Little Bluestem,Schizachyrium scoparium,Ornamental Grass,2-3',Full Sun,Low,"Adaptable, well-drained",Inconspicuous,Coppery-orange,Birds,"Native, great fall/winter color","Meadows, modern massing",Low,Yes,13. Drought Tolerant,https://upload.wikimedia.org/wikipedia/commons/4/45/Andropogon_scoparius.jpg
Pink Muhly Grass,Muhlenbergia capillaris,Ornamental Grass,2-3',Full Sun,Low to Moderate,"Well-drained, poor soils OK",Sep-Nov; pink plumes,Tan plumes,Cover,"Native, spectacular fall display","Massing, borders",Low,Yes,13. Drought Tolerant,https://upload.wikimedia.org/wikipedia/commons/thumb/d/d6/Muhlenbergia_capillaris_001.jpg/960px-Muhlenbergia_capillaris_001.jpg
Prairie Dropseed,Sporobolus heterolepis,Ornamental Grass,2' x 3',Full Sun,Low,Well-drained,Late summer; subtle,Tan,Cover,"Native, fine texture, fragrant","Paths, edging masses",Low,Yes,13. Drought Tolerant,https://upload.wikimedia.org/wikipedia/commons/thumb/e/e4/Sporobolus_heterolepis_-_Denver_Botanic_Gardens_-_DSC00886.JPG/960px-Sporobolus_heterolepis_-_Denver_Botanic_Gardens_-_DSC00886.JPG
Rosemary,Salvia rosmarinus,Perennial/Herb,1-5',Full Sun,Low,Well-drained,Spring; blue,Evergreen,Pollinators,"Culinary, drought-tough","Hot sunny edges, herb gardens",Low,No,13. Drought Tolerant,https://upload.wikimedia.org/wikipedia/commons/5/5a/Salvia_officinalis0.jpg
Eastern Redcedar,Juniperus virginiana,Evergreen Tree,30-50',Full Sun,Low,"Adaptable, drought tolerant",Winter-spring,Evergreen,Birds,"Native, tough, windbreak","Windbreaks, naturalized",Low,Yes,13. Drought Tolerant,https://upload.wikimedia.org/wikipedia/commons/thumb/2/20/Juniperus_virginiana_near_Oxford%2C_Ohio.jpg/960px-Juniperus_virginiana_near_Oxford%2C_Ohio.jpg
Lacebark Elm,Ulmus parvifolia,Shade Tree,30-50',Full Sun,Low to Moderate,Heat/drought tolerant,Late summer,Yellow-reddish,Medium,"Urban tough, exfoliating bark",Urban shade,Low,No,13. Drought Tolerant,https://upload.wikimedia.org/wikipedia/commons/thumb/d/d2/Chinese_Elm_Ulmus_parvifolia_%2832-0052-A%29_Bark_1.JPG/960px-Chinese_Elm_Ulmus_parvifolia_%2832-0052-A%29_Bark_1.JPG
Ginkgo,Ginkgo biloba,Shade Tree,50-80',Full Sun to Part Shade,Low,Well-drained,Mar-Apr,Brilliant gold,Low-Medium,"Plant males only, very drought tolerant","Street tree, specimen",Low,No,13. Drought Tolerant,https://upload.wikimedia.org/wikipedia/commons/thumb/e/e0/GINKGOBAUM-2.jpg/960px-GINKGOBAUM-2.jpg
Bald Cypress,Taxodium distichum,Shade Tree,50-70',Full Sun,Moderate to Low,"Thrives wet, tolerates dry",Spring,Copper/russet,Medium,"Native, adapts wet AND dry","Specimen, stormwater",Low,Yes,13. Drought Tolerant,https://upload.wikimedia.org/wikipedia/commons/thumb/4/46/Taxodium_distichum_NRCSMS01010.jpg/960px-Taxodium_distichum_NRCSMS01010.jpg
Dwarf Sweet Flag,Acorus gramineus,Perennial,8-15 in.,Full Sun to Part Shade,High,Wet to moist,Insignificant,Evergreen,Low,"Grass-like, tidy, tolerates wet","Pond edge, rain gardens, borders",Low,No,14. Poolside/Water-Tolerant,https://upload.wikimedia.org/wikipedia/commons/thumb/b/b7/Acorus_calamus.spadix.jpg/960px-Acorus_calamus.spadix.jpg
Swamp Milkweed,Asclepias incarnata,Perennial,3-5',Full Sun to Part Shade,High,Moist/wet,Summer; pink,Deciduous,Monarch host,"Native, great rain-garden plant","Low spots, pollinator beds",Low,Yes,14. Poolside/Water-Tolerant,https://upload.wikimedia.org/wikipedia/commons/thumb/5/53/Danaus_plexippus_on_Asclepias_incarnata_4999.jpg/960px-Danaus_plexippus_on_Asclepias_incarnata_4999.jpg
Astilbe,Astilbe x arendsii,Perennial,1-3',Part Shade to Shade,Moderate to High,"Organic-rich, moist",Late spring-summer; pink/red/white plumes,Deciduous,Pollinators,Shade + moisture classic,"Shaded pool corners, beds",Low,No,14. Poolside/Water-Tolerant,https://upload.wikimedia.org/wikipedia/commons/e/e8/Astilbe_arendsii1.jpg
Turtlehead,Chelone spp.,Perennial,2-4',Part Shade,High,Moist,Late summer; pink/white,Deciduous,Pollinators,"Native, late-season color in moist areas","Rain gardens, moist borders",Low,Yes,14. Poolside/Water-Tolerant,https://upload.wikimedia.org/wikipedia/commons/thumb/6/6e/Chelone_glabra_002.JPG/960px-Chelone_glabra_002.JPG
Canna,Canna spp.,Annual/Tropical,3-6'+,Full Sun,Moderate to High,"Moist, rich",Summer; bold red/yellow/orange flowers,Tropical foliage,Hummingbirds,"Tropical look, heat-loving","Poolside focal points, beds",Medium,No,14. Poolside/Water-Tolerant,https://upload.wikimedia.org/wikipedia/commons/thumb/8/8a/Canna_sp.jpg/960px-Canna_sp.jpg
Joe-Pye Weed,Eutrochium spp.,Perennial,4-7',Full Sun to Part Shade,Moderate to High,Moist,Late summer; mauve,Deciduous,Pollinators,"Native, big impact","Back of borders, rain gardens",Low,Yes,14. Poolside/Water-Tolerant,https://upload.wikimedia.org/wikipedia/commons/7/7e/Joe_Pye_5426.JPG
Cardinal Flower,Lobelia cardinalis,Perennial,2-4',Part Shade,High,Moist/wet,Summer; brilliant red,Deciduous,Hummingbirds,"Native, vivid red, loves moisture","Stream edges, rain gardens",Medium,Yes,14. Poolside/Water-Tolerant,https://upload.wikimedia.org/wikipedia/commons/thumb/8/86/Lobelia_%28aka%29.jpg/960px-Lobelia_%28aka%29.jpg
Blue Lobelia,Lobelia siphilitica,Perennial,2-3',Part Shade,High,Moist,Late summer; blue,Deciduous,Pollinators,"Native, reliable in moist soil",Rain gardens,Low,Yes,14. Poolside/Water-Tolerant,https://upload.wikimedia.org/wikipedia/commons/thumb/8/86/Lobelia_%28aka%29.jpg/960px-Lobelia_%28aka%29.jpg
Royal Fern,Osmunda regalis,Perennial,3-6',Part Shade to Shade,High,Moist/wet,Fern,Deciduous,Cover habitat,"Native, big elegant fern","Moist shade, pool shade edges",Low,Yes,14. Poolside/Water-Tolerant,https://upload.wikimedia.org/wikipedia/commons/thumb/3/32/OsmundaRegalis.jpg/960px-OsmundaRegalis.jpg
Cinnamon Fern,Osmundastrum cinnamomeum,Perennial,2-4',Part Shade to Shade,High,Moist/wet,Fern,Deciduous,Cover habitat,"Native, wet-site fern",Moist woodland edges,Low,Yes,14. Poolside/Water-Tolerant,https://upload.wikimedia.org/wikipedia/commons/thumb/c/c5/Osmundastrum_cinnamomeum_May2015.jpg/960px-Osmundastrum_cinnamomeum_May2015.jpg
Inkberry Holly,Ilex glabra,Evergreen Shrub,3-8',Full Sun to Part Shade,Moderate to High,"Moist, acidic",Inconspicuous; berries,Evergreen,Birds,"Native, evergreen for wet areas","Screens near wet areas, foundation",Low,Yes,14. Poolside/Water-Tolerant,https://upload.wikimedia.org/wikipedia/commons/thumb/1/16/Ilex_glabra.png/960px-Ilex_glabra.png
Buttonbush,Cephalanthus occidentalis,Native Shrub,6-12',Full Sun to Part Shade,High,Wet,Summer; white spheres,Deciduous,"Pollinators, birds","Native, excellent wet-site shrub","Rain gardens, pond edges",Low,Yes,14. Poolside/Water-Tolerant,https://upload.wikimedia.org/wikipedia/commons/thumb/b/b9/Buttonbush_in_the_Everglades.jpg/960px-Buttonbush_in_the_Everglades.jpg
Virginia Sweetspire,Itea virginica,Native Shrub,3-6',Full Sun to Part Shade,Moderate to High,"Moist, adaptable",Spring; white racemes,Red/garnet (excellent),Pollinators,"Native, great fall color, tolerates wet","Moist foundations, borders",Low,Yes,14. Poolside/Water-Tolerant,https://upload.wikimedia.org/wikipedia/commons/thumb/8/8c/Itea_virginica_flowers_001.JPG/960px-Itea_virginica_flowers_001.JPG
Switchgrass,Panicum virgatum,Ornamental Grass,3-6',Full Sun,Moderate to High,Tolerates clay/wet,Jul-Feb; pink panicles,Yellow/orange,Bird seed,"Native, rain garden grass","Rain gardens, pool area massing",Low,Yes,14. Poolside/Water-Tolerant,https://upload.wikimedia.org/wikipedia/commons/7/7a/Panicum_virgatum.jpg
River Birch,Betula nigra,Shade Tree,30-60',Full Sun to Part Shade,Moderate,"Acidic, moist, tolerates wet",Spring catkins,Pale yellow,Medium,"Native, exfoliating bark, tolerates wet",Multi-trunk specimen near water,Low,Yes,14. Poolside/Water-Tolerant,https://upload.wikimedia.org/wikipedia/commons/thumb/c/cf/River_Birch_Betula_nigra_Horizontal.JPG/960px-River_Birch_Betula_nigra_Horizontal.JPG
Hellebore / Lenten Rose,Helleborus x hybridus,Perennial,1-2',Part Shade to Shade,Moderate,Well-drained + organic,Late winter-spring; many colors,Evergreen,Early pollinators,"Evergreen, deer resistant, winter bloom","Shade borders, winter interest",Low,No,15. Shade-Loving Plants,https://upload.wikimedia.org/wikipedia/commons/thumb/6/69/Bloem_van_een_kerstroos_%28Helleborus_niger%29_16-12-2021._%28d.j.b%29_02.jpg/960px-Bloem_van_een_kerstroos_%28Helleborus_niger%29_16-12-2021._%28d.j.b%29_02.jpg
Hosta,Hosta spp.,Perennial,0.5-2.5'+,Part Shade to Full Shade,Moderate,"Rich, moist, well-drained",Summer; white/lavender,Deciduous,Limited,"Premier shade foliage, hundreds of cultivars","Shade beds, under trees, edging",Low,No,15. Shade-Loving Plants,https://upload.wikimedia.org/wikipedia/commons/thumb/7/7d/Hosta_Bressingham_Blue.JPG/960px-Hosta_Bressingham_Blue.JPG
Astilbe,Astilbe spp.,Perennial,1-3',Part Shade to Shade,Moderate to High,"Moist, organic",Late spring-summer; pink/red/white plumes,Deciduous,Pollinators,"Needs moisture, feathery plumes","Shade color, near water",Low,No,15. Shade-Loving Plants,https://upload.wikimedia.org/wikipedia/commons/e/e8/Astilbe_arendsii1.jpg
Christmas Fern,Polystichum acrostichoides,Perennial,1-2',Part Shade to Shade,Moderate,"Organic, well-drained",Fern,Evergreen,Habitat,"Native, evergreen fern",Woodland gardens,Low,Yes,15. Shade-Loving Plants,https://upload.wikimedia.org/wikipedia/commons/5/57/Polystichum_setiferum0.jpg
Autumn Fern,Dryopteris erythrosora,Perennial,1-3',Part Shade to Shade,Moderate to Low,"Organic, well-drained",Fern,Semi-evergreen,Habitat,Copper new growth,Shade borders,Low,No,15. Shade-Loving Plants,https://upload.wikimedia.org/wikipedia/commons/4/40/Dryopteris_filix_mas_nf.jpg
Royal Fern,Osmunda regalis,Perennial,3-6',Part Shade to Shade,High,Moist/wet,Fern,Deciduous,Habitat,"Native, architectural fern",Moist shade features,Low,Yes,15. Shade-Loving Plants,https://upload.wikimedia.org/wikipedia/commons/thumb/3/32/OsmundaRegalis.jpg/960px-OsmundaRegalis.jpg
Cast Iron Plant,Aspidistra elatior,Ground Cover,1-2.5',Shade to Deep Shade,Moderate to Low,Adaptable,Minimal,Evergreen,Low,Extremely tough deep shade,Deep shade structure,Low,No,15. Shade-Loving Plants,https://upload.wikimedia.org/wikipedia/commons/thumb/f/fc/Aspidistra_elatior1.jpg/960px-Aspidistra_elatior1.jpg
Barrenwort,Epimedium spp.,Ground Cover,6-18 in.,Shade to Part Shade,Moderate to Low,Organic,Spring; delicate,Semi-evergreen,Pollinators,Excellent dry shade groundcover,Under trees,Low,No,15. Shade-Loving Plants,https://upload.wikimedia.org/wikipedia/commons/thumb/2/2a/Elfenblume_%28Epimedium_x_versicolor%29.jpg/960px-Elfenblume_%28Epimedium_x_versicolor%29.jpg
Green-and-Gold,Chrysogonum virginianum,Ground Cover,4-12 in.,Part Shade to Shade,Moderate,Average,Spring; yellow,Semi-evergreen,Pollinators,Native shade groundcover,"Shade beds, woodland edge",Low,Yes,15. Shade-Loving Plants,https://upload.wikimedia.org/wikipedia/commons/thumb/4/4d/Green_and_Gold_Chrysogonum_virginianum_Flower_3008.jpg/960px-Green_and_Gold_Chrysogonum_virginianum_Flower_3008.jpg
Sweet Woodruff,Galium odoratum,Ground Cover,6-12 in.,Shade to Part Shade,Moderate,"Organic, moist",Spring; white,Deciduous,Pollinators,Fragrant foliage,Woodland carpet,Low,No,15. Shade-Loving Plants,https://upload.wikimedia.org/wikipedia/commons/thumb/3/32/Waldmeister%28Mai%29.JPG/960px-Waldmeister%28Mai%29.JPG
Coral Bells,Heuchera spp.,Perennial,1-2',Morning Sun/Afternoon Shade,Moderate,Well-drained + organic,Spring-summer; airy spikes,Often evergreen,Pollinators,Outstanding foliage colors,"Shade borders, containers",Low,No,15. Shade-Loving Plants,https://upload.wikimedia.org/wikipedia/commons/thumb/0/0e/San_Gabriel_Mountains_coralbells.jpg/960px-San_Gabriel_Mountains_coralbells.jpg
Japanese Painted Fern,Athyrium niponicum 'Pictum',Perennial,1-1.5',Part Shade to Shade,Moderate,"Moist, organic",Fern,Deciduous,Habitat,"Silver-purple fronds, shade standout",Shade focal point,Low,No,15. Shade-Loving Plants,https://upload.wikimedia.org/wikipedia/commons/thumb/e/eb/Athyrium_filix-femina0.jpg/960px-Athyrium_filix-femina0.jpg
Caladium,Caladium spp.,Annual,1-2',Part Shade to Shade,Moderate,"Rich, moist",Foliage plant,Bold leaf patterns,Minimal,Heat-loving shade plant,"Shade massing, pots",Low,No,15. Shade-Loving Plants,https://upload.wikimedia.org/wikipedia/commons/thumb/f/f1/Caladium_schomburgkii_changjur-1-yercaud-salem-India.JPG/960px-Caladium_schomburgkii_changjur-1-yercaud-salem-India.JPG
Coleus,Coleus (syn. Solenostemon),Annual,1-3',Part Shade to Full Sun,Moderate,"Rich, well-drained",Foliage plant,Excellent foliage color,Minimal,Best summer shade foliage color,"Shade beds, containers",Low,No,15. Shade-Loving Plants,https://upload.wikimedia.org/wikipedia/commons/thumb/1/1b/Leaf_-pani_koorkka.JPG/960px-Leaf_-pani_koorkka.JPG
Partridgeberry,Mitchella repens,Ground Cover,1-2 in. mat,Shade to Part Shade,Moderate,"Acidic, organic, moist",Spring; white/pink; red berries,Evergreen,"Birds, wildlife","Native, tiny evergreen creeper",Woodland groundcover,Low,Yes,15. Shade-Loving Plants,https://upload.wikimedia.org/wikipedia/commons/thumb/d/d5/Mitchella_repens_Partridge_berry_Norfolk_Connecticut_05112019.jpg/960px-Mitchella_repens_Partridge_berry_Norfolk_Connecticut_05112019.jpg